Firm,Date,Source,URL,Sub-Asset Class,Asset Class Category,Canva Groupings,Asset Class,View,Full Commentary,confidence,band,review_flag
Aberdeen Investments,3/10/2026,Emerging Markets Q2 2026 Outlook: Shifting Sands,https://www.aberdeeninvestments.com/en-us/institutional/insights-and-research/emerging-markets-q2-2026-outlook-shifting-sands,AI,Equities - Thematic,"Equities - Sectors, Factors, Thematics",Equities,O,"Aberdeen expects AI-related spending to accelerate in 2026, making AI a positive tailwind for APAC and EMs, while noting collapse risk is not its core view. Evidence: Most importantly though, we expect AI to remain a tailwind for the region – and for EMs overall – as AI-related spending is set to move up a gear in 2026. US tech companies have spent more than $865 billion since 2022 on CapEx already, and plan to spend more than $610 billion in 2026 alone (Chart 3).. Locator: p.4.",85,High,none
Aberdeen Investments,3/10/2026,Emerging Markets Q2 2026 Outlook: Shifting Sands,https://www.aberdeeninvestments.com/en-us/institutional/insights-and-research/emerging-markets-q2-2026-outlook-shifting-sands,Asia Equities,Equities - Geo,Equities - Geography,Equities,O,"Aberdeen sees APAC as benefiting from the AI capex cycle, with the main caveat that a non-core AI equity and capex collapse would hit Asian EMs most. Evidence: Most importantly though, we expect AI to remain a tailwind for the region – and for EMs overall – as AI-related spending is set to move up a gear in 2026. US tech companies have spent more than $865 billion since 2022 on CapEx already, and plan to spend more than $610 billion in 2026 alone (Chart 3).. Locator: p.4. Checker: unconfirmed (The quote calls AI a tailwind for 'the region' but never names Asia equities; mapping and the equity-level inference are defensible but not decisive from the quote alone.).",74,Medium,review
Aberdeen Investments,3/10/2026,Emerging Markets Q2 2026 Outlook: Shifting Sands,https://www.aberdeeninvestments.com/en-us/institutional/insights-and-research/emerging-markets-q2-2026-outlook-shifting-sands,Emerging Markets Equities,Equities - EMs,Equities - Geography,Equities,O,"Aberdeen is constructive on EM risk exposure because AI-related capex is expected to support EMs overall in 2026, despite geopolitical and AI-collapse risks. Evidence: Most importantly though, we expect AI to remain a tailwind for the region – and for EMs overall – as AI-related spending is set to move up a gear in 2026. US tech companies have spent more than $865 billion since 2022 on CapEx already, and plan to spend more than $610 billion in 2026 alone (Chart 3).. Locator: p.4.",75,High,none
Aberdeen Investments,3/10/2026,Emerging Markets Q2 2026 Outlook: Shifting Sands,https://www.aberdeeninvestments.com/en-us/institutional/insights-and-research/emerging-markets-q2-2026-outlook-shifting-sands,Data Centers,Alts - Infrastructure,Alts - Real Assets,Alternatives,O,"Aberdeen expects EM participation in the data-center buildout to broaden, highlighting India, Malaysia, and Gulf states as well placed once conflict abates. Evidence: Other EMs will add to the data center boom. India and Malaysia are well placed, while large Sovereign Wealth Funds (SWFs), abundant energy, and access to the US technology stack suggest that Gulf states could expand their AI capabilities rapidly once conflict abates.. Locator: p.5.",75,High,none
AllianceBernstein,4/2/2026,Global Macro Outlook: Second Quarter 2026,https://marketsrecon.com/redirect?name=app_content&parameters%5Bslug%5D=global-macro-outlook-second-quarter-2026,Oil,Alts - Commodities,Commodities,Alternatives,O,"AB expects Middle East infrastructure damage to keep oil prices above prewar levels, making the oil price outlook positive despite uncertainty over duration. Evidence: We are not experts at geopolitics, or at assessing oil production. But it seems to us that the damage to oil-related infrastructure in the Middle East means that oil prices are likely to settle at least somewhat higher than before the war.. Locator: p.1.",75,High,none
AllianceBernstein,4/2/2026,Global Macro Outlook: Second Quarter 2026,https://marketsrecon.com/redirect?name=app_content&parameters%5Bslug%5D=global-macro-outlook-second-quarter-2026,Alts - Private Markets General,Asset Allocation - Broad,Asset Allocation,Alternatives,U,"AB is cautious on private markets because of opacity and possible excesses from rapid growth, while noting it does not expect a systemic crisis. Evidence: Private credit markets have also been in the spotlight, given their exposure to software companies. We share some of the concern in markets around the opacity of private markets, as well as potential excesses suggested by their explosive growth in recent years. Still, we think that any issues within private markets are unlikely to trigger a systemic crisis.. Locator: p.2.",75,High,none
AllianceBernstein,4/2/2026,Global Macro Outlook: Second Quarter 2026,https://marketsrecon.com/redirect?name=app_content&parameters%5Bslug%5D=global-macro-outlook-second-quarter-2026,Duration,Fixed Income - Duration,Fixed Income - General,Fixed Income,O,"AB expects markets to overprice tightening and for yields to fall over time, which is positive for broad duration. Evidence: Yields: We believe markets are likely to price too much tightening based on rising oil prices, which should bring yields down over time.. Locator: p.3 — 'Forecast Overview' Central Narrative panel.",75,High,none
AllianceBernstein,4/2/2026,Global Macro Outlook: Second Quarter 2026,https://marketsrecon.com/redirect?name=app_content&parameters%5Bslug%5D=global-macro-outlook-second-quarter-2026,USD,Currencies,Currencies,Currencies,O,"AB expects the dollar to benefit from safe-haven flows while the conflict remains intense, even though its later path is less clear. Evidence: USD: The dollar is likely to benefit from safe-haven flows while the conflict remains intense. It’s path thereafter is less clear.. Locator: p.3 — 'Forecast Overview' Central Narrative panel.",85,High,none
AllianceBernstein,4/2/2026,Global Macro Outlook: Second Quarter 2026,https://marketsrecon.com/redirect?name=app_content&parameters%5Bslug%5D=global-macro-outlook-second-quarter-2026,China Govt Bonds,Fixed Income - Sovereigns APAC,Fixed Income - Rates & Sovereigns,Fixed Income,U,"AB forecasts China 10-year bond yields rising from 2.00% in 2026 to 2.25% in 2027, implying a negative price view on China government bonds. Evidence: China — 10-Yr. Bond Yield (%): 2026F 2.00; 2027F 2.25. Locator: p.5 — 'China' forecast table.",75,High,none
AllianceBernstein,4/2/2026,Global Macro Outlook: Second Quarter 2026,https://marketsrecon.com/redirect?name=app_content&parameters%5Bslug%5D=global-macro-outlook-second-quarter-2026,CNY,Currencies,Currencies,Currencies,U,"AB forecasts the China FX rate versus USD rising from 7.10 to 7.20, implying CNY depreciation versus the dollar. Evidence: China — FX Rates vs. USD: 2026F 7.10; 2027F 7.20. Locator: p.5 — 'China' forecast table.",75,High,none
AllianceBernstein,4/2/2026,Global Macro Outlook: Second Quarter 2026,https://marketsrecon.com/redirect?name=app_content&parameters%5Bslug%5D=global-macro-outlook-second-quarter-2026,Euro Govt Bonds,Fixed Income - Sovereigns Europe,Fixed Income - Rates & Sovereigns,Fixed Income,O,"AB forecasts Euro Area 10-year yields falling from 3.00% in 2026 to 2.60% in 2027, implying a positive view on euro government bonds. Evidence: Euro Area row, 10-Yr. Bond Yield (%): 2026F 3.00; 2027F 2.60. Locator: p.6 - 'Euro Area' forecast table.",75,High,none
AllianceBernstein,4/2/2026,Global Macro Outlook: Second Quarter 2026,https://marketsrecon.com/redirect?name=app_content&parameters%5Bslug%5D=global-macro-outlook-second-quarter-2026,EUR,Currencies,Currencies,Currencies,O,"AB's EUR/USD forecast rises from 1.16 to 1.17, implying euro appreciation against the dollar. Evidence: Euro Area row, FX Rates vs. USD: 2026F 1.16; 2027F 1.17. Locator: p.6 - 'Euro Area' forecast table.",75,High,none
AllianceBernstein,4/2/2026,Global Macro Outlook: Second Quarter 2026,https://marketsrecon.com/redirect?name=app_content&parameters%5Bslug%5D=global-macro-outlook-second-quarter-2026,UK Gilts,Fixed Income - Sovereigns Europe,Fixed Income - Rates & Sovereigns,Fixed Income,O,"AB forecasts UK 10-year yields declining from 4.80% to 4.10%, implying a positive view on gilts. Evidence: UK row, 10-Yr. Bond Yield (%): 2026F 4.80; 2027F 4.10. Locator: p.7 - 'UK' forecast table.",75,High,none
AllianceBernstein,4/2/2026,Global Macro Outlook: Second Quarter 2026,https://marketsrecon.com/redirect?name=app_content&parameters%5Bslug%5D=global-macro-outlook-second-quarter-2026,GBP,Currencies,Currencies,Currencies,U,"AB's sterling forecast falls from 1.34 to 1.32 versus the dollar, implying GBP depreciation. Evidence: UK row, FX Rates vs. USD: 2026F 1.34; 2027F 1.32. Locator: p.7 - 'UK' forecast table.",75,High,none
AllianceBernstein,4/2/2026,Global Macro Outlook: Second Quarter 2026,https://marketsrecon.com/redirect?name=app_content&parameters%5Bslug%5D=global-macro-outlook-second-quarter-2026,Japan Govt Bonds,Fixed Income - Sovereigns APAC,Fixed Income - Rates & Sovereigns,Fixed Income,N,"AB forecasts Japan 10-year yields unchanged at 2.25% across 2026 and 2027, implying a neutral government-bond view. Evidence: Japan row, 10-Yr. Bond Yield (%): 2026F 2.25; 2027F 2.25. Locator: p.8 - 'Japan' forecast table.",75,High,none
AllianceBernstein,4/2/2026,Global Macro Outlook: Second Quarter 2026,https://marketsrecon.com/redirect?name=app_content&parameters%5Bslug%5D=global-macro-outlook-second-quarter-2026,Emerging Markets - Sovereigns,Fixed Income - Sovereigns,Fixed Income - Rates & Sovereigns,Fixed Income,O,"AB forecasts EM ex China/Russia 10-year yields falling from 8.85% to 8.51%, implying a positive EM sovereign-bond view. Evidence: EM ex China/Russia row, 10-Yr. Bond Yield (%): 2026F 8.85; 2027F 8.51. Locator: p.8 - 'Emerging Markets' forecast table.",75,High,none
AllianceBernstein,4/2/2026,Global Macro Outlook: Second Quarter 2026,https://marketsrecon.com/redirect?name=app_content&parameters%5Bslug%5D=global-macro-outlook-second-quarter-2026,Asia Fixed Income,Fixed Income - Geo,Fixed Income - General,Fixed Income,O,"AB forecasts Asian 10-year yields edging lower, implying a positive view on Asia fixed income. Evidence: Asia row, 10-Yr. Bond Yield (%): 2026F 5.71; 2027F 5.67. Locator: p.8 - 'Emerging Markets' forecast table.",75,High,none
AllianceBernstein,4/2/2026,Global Macro Outlook: Second Quarter 2026,https://marketsrecon.com/redirect?name=app_content&parameters%5Bslug%5D=global-macro-outlook-second-quarter-2026,LatAm Fixed Income,Fixed Income - Geo,Fixed Income - General,Fixed Income,O,"AB forecasts LatAm 10-year yields declining from 9.90% to 9.76%, implying a positive fixed-income view. Evidence: LATAM row, 10-Yr. Bond Yield (%): 2026F 9.90; 2027F 9.76. Locator: p.8 - 'Emerging Markets' forecast table.",75,High,none
AllianceBernstein,4/2/2026,Global Macro Outlook: Second Quarter 2026,https://marketsrecon.com/redirect?name=app_content&parameters%5Bslug%5D=global-macro-outlook-second-quarter-2026,Global Govt Bonds/SSAs,Fixed Income - Sovereigns,Fixed Income - Rates & Sovereigns,Fixed Income,O,"AB forecasts global long rates falling from 4.15% to 4.02%, implying a positive view on global government bonds. Evidence: Global row, Long Rates (%): 2026F 4.15; 2027F 4.02. Locator: p.10 - 'Forecast Table'.",75,High,none
AllianceBernstein,4/2/2026,Global Macro Outlook: Second Quarter 2026,https://marketsrecon.com/redirect?name=app_content&parameters%5Bslug%5D=global-macro-outlook-second-quarter-2026,Developed Markets - Sovereigns,Fixed Income - Sovereigns,Fixed Income - Rates & Sovereigns,Fixed Income,O,"AB forecasts industrial-country long rates falling from 3.63% to 3.43%, implying a positive developed-market sovereign view. Evidence: Industrial Countries row, Long Rates (%): 2026F 3.63; 2027F 3.43. Locator: p.10 - 'Forecast Table'.",75,High,none
AllianceBernstein,4/2/2026,Global Macro Outlook: Second Quarter 2026,https://marketsrecon.com/redirect?name=app_content&parameters%5Bslug%5D=global-macro-outlook-second-quarter-2026,US Treasuries,Fixed Income - Sovereigns North America,Fixed Income - Rates & Sovereigns,Fixed Income,N,"AB forecasts US long rates unchanged at 4.00% across 2026 and 2027, implying a neutral Treasury view. Evidence: US row, Long Rates (%): 2026F 4.00; 2027F 4.00. Locator: p.10 - 'Forecast Table'.",75,High,none
AllianceBernstein,4/2/2026,Global Macro Outlook: Second Quarter 2026,https://marketsrecon.com/redirect?name=app_content&parameters%5Bslug%5D=global-macro-outlook-second-quarter-2026,Canada Govt Bonds,Fixed Income - Sovereigns North America,Fixed Income - Rates & Sovereigns,Fixed Income,O,"AB forecasts Canadian long rates falling from 3.25% to 3.00%, implying a positive view on Canada government bonds. Evidence: Canada row, Long Rates (%): 2026F 3.25; 2027F 3.00. Locator: p.10 - 'Forecast Table'.",75,High,none
AllianceBernstein,4/2/2026,Global Macro Outlook: Second Quarter 2026,https://marketsrecon.com/redirect?name=app_content&parameters%5Bslug%5D=global-macro-outlook-second-quarter-2026,CAD,Currencies,Currencies,Currencies,U,"AB's USD/CAD forecast rises from 1.40 to 1.42, implying Canadian-dollar depreciation. Evidence: Canada row, FX Rates vs. USD: 2026F 1.40; 2027F 1.42. Locator: p.10 - 'Forecast Table'.",75,High,none
AllianceBernstein,4/2/2026,Global Macro Outlook: Second Quarter 2026,https://marketsrecon.com/redirect?name=app_content&parameters%5Bslug%5D=global-macro-outlook-second-quarter-2026,Europe Duration,Fixed Income - Sovereigns Europe,Fixed Income - Rates & Sovereigns,Fixed Income,O,"AB forecasts European long rates falling from 3.37% to 2.90%, implying a positive Europe duration view. Evidence: Europe row, Long Rates (%): 2026F 3.37; 2027F 2.90. Locator: p.10 - 'Forecast Table'.",75,High,none
AllianceBernstein,4/2/2026,Global Macro Outlook: Second Quarter 2026,https://marketsrecon.com/redirect?name=app_content&parameters%5Bslug%5D=global-macro-outlook-second-quarter-2026,Australia Govt Bonds,Fixed Income - Sovereigns APAC,Fixed Income - Rates & Sovereigns,Fixed Income,O,"AB forecasts Australian long rates declining from 4.75% to 4.25%, implying a positive view on Australia government bonds. Evidence: Australia row, Long Rates (%): 2026F 4.75; 2027F 4.25. Locator: p.10 - 'Forecast Table'.",75,High,none
AllianceBernstein,4/2/2026,Global Macro Outlook: Second Quarter 2026,https://marketsrecon.com/redirect?name=app_content&parameters%5Bslug%5D=global-macro-outlook-second-quarter-2026,AUD,Currencies,Currencies,Currencies,O,"AB's AUD/USD forecast rises from 0.75 to 0.77, implying Australian-dollar appreciation. Evidence: Australia row, FX Rates vs. USD: 2026F 0.75; 2027F 0.77. Locator: p.10 - 'Forecast Table'.",75,High,none
AllianceBernstein,4/2/2026,Global Macro Outlook: Second Quarter 2026,https://marketsrecon.com/redirect?name=app_content&parameters%5Bslug%5D=global-macro-outlook-second-quarter-2026,Asia ex-China Fixed Income,Fixed Income - Geo,Fixed Income - General,Fixed Income,O,"AB forecasts Asia ex Japan and China long rates edging lower, implying a positive Asia ex-China fixed-income view. Evidence: Asia ex Japan & China row, Long Rates (%): 2026F 5.71; 2027F 5.67. Locator: p.10 - 'Forecast Table'.",75,High,none
AllianceBernstein,4/2/2026,Global Macro Outlook: Second Quarter 2026,https://marketsrecon.com/redirect?name=app_content&parameters%5Bslug%5D=global-macro-outlook-second-quarter-2026,India Govt Bonds,Fixed Income - Sovereigns APAC,Fixed Income - Rates & Sovereigns,Fixed Income,O,"AB forecasts Indian long rates falling from 6.90% to 6.70%, implying a positive India government-bond view. Evidence: India row, Long Rates (%): 2026F 6.90; 2027F 6.70. Locator: p.10 - 'Forecast Table'.",75,High,none
AllianceBernstein,4/2/2026,Global Macro Outlook: Second Quarter 2026,https://marketsrecon.com/redirect?name=app_content&parameters%5Bslug%5D=global-macro-outlook-second-quarter-2026,BRL,Currencies,Currencies,Currencies,O,"AB's USD/BRL forecast falls from 5.40 to 5.20, implying Brazilian-real appreciation. Evidence: Brazil row, FX Rates vs. USD: 2026F 5.40; 2027F 5.20. Locator: p.10 - 'Forecast Table'.",75,High,none
AllianceBernstein,4/2/2026,Global Macro Outlook: Second Quarter 2026,https://marketsrecon.com/redirect?name=app_content&parameters%5Bslug%5D=global-macro-outlook-second-quarter-2026,CLP,Currencies,Currencies,Currencies,O,"AB's USD/CLP forecast falls from 900 to 875, implying Chilean-peso appreciation. Evidence: Chile row, FX Rates vs. USD: 2026F 900; 2027F 875. Locator: p.10 - 'Forecast Table'.",75,High,none
AllianceBernstein,4/2/2026,Global Macro Outlook: Second Quarter 2026,https://marketsrecon.com/redirect?name=app_content&parameters%5Bslug%5D=global-macro-outlook-second-quarter-2026,Peso,Currencies,Currencies,Currencies,O,"AB's USD/MXN forecast falls from 18.8 to 18.5, implying Mexican-peso appreciation. Evidence: Mexico row, FX Rates vs. USD: 2026F 18.8; 2027F 18.5. Locator: p.10 - 'Forecast Table'.",75,High,none
AllianceBernstein,4/2/2026,Global Macro Outlook: Second Quarter 2026,https://marketsrecon.com/redirect?name=app_content&parameters%5Bslug%5D=global-macro-outlook-second-quarter-2026,Polish Bonds,Fixed Income - Sovereigns Europe,Fixed Income - Rates & Sovereigns,Fixed Income,O,"AB forecasts Polish long rates falling from 5.10% to 5.00%, implying a positive view on Polish bonds. Evidence: Poland row, Long Rates (%): 2026F 5.10; 2027F 5.00. Locator: p.10 - 'Forecast Table'.",75,High,none
AllianceBernstein,4/2/2026,Global Macro Outlook: Second Quarter 2026,https://marketsrecon.com/redirect?name=app_content&parameters%5Bslug%5D=global-macro-outlook-second-quarter-2026,South Africa Fixed Income,Fixed Income - Geo,Fixed Income - General,Fixed Income,U,"AB forecasts South African long rates rising from 8.70% to 8.90%, implying a negative view on South Africa fixed income. Evidence: South Africa row, Long Rates (%): 2026F 8.70; 2027F 8.90. Locator: p.10 - 'Forecast Table'.",75,High,none
J.P. Morgan Asset Management,3/26/2026 | 4/30/2026,Global Fixed Income Views 2Q 2026 | Global Asset Allocation Views 2Q 2026,https://am.jpmorgan.com/us/en/asset-management/institutional/insights/portfolio-insights/asset-class-views/fixed-income/ | https://am.jpmorgan.com/gb/en/asset-management/institutional/insights/portfolio-insights/asset-class-views/asset-allocation/c,High Quality Issuers,Fixed Income - Investment Grade,Fixed Income - Credit & Specialty,Fixed Income,O,"J.P. Morgan favors higher-quality credit because spreads remain tight versus history, making improved credit quality the attractive expression. Evidence: The group also saw an opportunity to go up in credit quality at a time when spreads generally remain narrow compared with history, especially across the European banking capital structure.. Locator: p.3 (Global Fixed Income Views 2Q 2026).",90,High,none
J.P. Morgan Asset Management,3/26/2026 | 4/30/2026,Global Fixed Income Views 2Q 2026 | Global Asset Allocation Views 2Q 2026,https://am.jpmorgan.com/us/en/asset-management/institutional/insights/portfolio-insights/asset-class-views/fixed-income/ | https://am.jpmorgan.com/gb/en/asset-management/institutional/insights/portfolio-insights/asset-class-views/asset-allocation/c,Securitized/Structured (ABS/MBS/CDS/Swaps/CLOs),Fixed Income - Specialty,Fixed Income - Credit & Specialty,Fixed Income,O,J.P. Morgan remains positive on securitized credit because structural credit enhancement and resilient U.S. consumers make the sector attractive in stressed markets. Evidence: Securitized credit remains a top focus. The inherent credit enhancement of the securitization structure and the resilience of the U.S. consumer are comforting during times of market stress.. Locator: p.3 (Global Fixed Income Views 2Q 2026).,90,High,none
PIMCO,3/24/2026,"Layered Uncertainty: Conflict, Credit Stress, and AI",https://www.pimco.com/gb/en/insights/layered-uncertainty-conflict-credit-stress-and-ai,Fixed Income - General/Global,Asset Allocation - Broad,Asset Allocation,Fixed Income,O,"PIMCO is constructive on public fixed income because repriced central bank expectations have created opportunities and yields remain attractive with robust liquidity. Evidence: Investment implications grid: Geopolitical shocks box says ""The market’s sharp repricing of central bank policy expectations creates opportunities across bond markets""; Private credit concerns box says ""Look to opportunities in public fixed income, with attractive yields and robust liquidity profiles"". Locator: p.1 — 'Our March 2026 Outlook focuses on three key themes' investment implications grid.",90,High,none
PIMCO,3/24/2026,"Layered Uncertainty: Conflict, Credit Stress, and AI",https://www.pimco.com/gb/en/insights/layered-uncertainty-conflict-credit-stress-and-ai,Inflation-Linked/TIPs,Fixed Income - Sovereigns North America,Fixed Income - Rates & Sovereigns,Fixed Income,O,"PIMCO favors structural TIPS exposure as protection against more frequent energy shocks and related stagflationary risks. Evidence: Geopolitical shocks investment implications box: ""With energy shocks more common in recent years, consider structural allocations to TIPS, commodities, and other real assets"". Locator: p.1 — 'Our March 2026 Outlook focuses on three key themes' investment implications grid.",90,High,none
PIMCO,3/24/2026,"Layered Uncertainty: Conflict, Credit Stress, and AI",https://www.pimco.com/gb/en/insights/layered-uncertainty-conflict-credit-stress-and-ai,Commodities,Alts - Commodities,Commodities,Alternatives,O,"PIMCO favors structural commodity exposure because recurring energy shocks raise stagflationary risks. Evidence: Geopolitical shocks investment implications box: ""With energy shocks more common in recent years, consider structural allocations to TIPS, commodities, and other real assets"". Locator: p.1 — 'Our March 2026 Outlook focuses on three key themes' investment implications grid.",90,High,none
PIMCO,3/24/2026,"Layered Uncertainty: Conflict, Credit Stress, and AI",https://www.pimco.com/gb/en/insights/layered-uncertainty-conflict-credit-stress-and-ai,Real Assets,Asset Allocation - Broad,Alts - Real Assets,Alternatives,O,"PIMCO favors structural real-asset allocations as resilience against more common energy shocks. Evidence: Geopolitical shocks investment implications box: ""With energy shocks more common in recent years, consider structural allocations to TIPS, commodities, and other real assets"". Locator: p.1 — 'Our March 2026 Outlook focuses on three key themes' investment implications grid.",90,High,none
PIMCO,3/24/2026,"Layered Uncertainty: Conflict, Credit Stress, and AI",https://www.pimco.com/gb/en/insights/layered-uncertainty-conflict-credit-stress-and-ai,PD - Direct Lending,Alts - Private Credit,Alts - Private Equity & Credit,Alternatives,U,"PIMCO is cautious on direct lending because prior concerns over rapid growth, illiquidity, and underwriting are materializing, and it directs investors to look beyond direct lending. Evidence: Private credit concerns macro implications box says ""Concerns we have flagged about rapid growth, illiquidity, and lax underwriting are playing out across corporate direct lending""; investment implications box says ""Explore private credit investing beyond direct lending"". Locator: p.1 — 'Our March 2026 Outlook focuses on three key themes' investment implications grid.",75,High,none
PIMCO,3/24/2026,"Layered Uncertainty: Conflict, Credit Stress, and AI",https://www.pimco.com/gb/en/insights/layered-uncertainty-conflict-credit-stress-and-ai,PD - Asset-Based/Asset-Backed,Alts - Private Credit,Alts - Private Equity & Credit,Alternatives,O,"PIMCO favors asset-based finance within private credit as a more resilient area beyond direct lending. Evidence: Private credit concerns investment implications box: ""Explore private credit investing beyond direct lending, including more resilient areas like asset-based finance and real estate debt"". Locator: p.1 — 'Our March 2026 Outlook focuses on three key themes' investment implications grid.",90,High,none
PIMCO,3/24/2026,"Layered Uncertainty: Conflict, Credit Stress, and AI",https://www.pimco.com/gb/en/insights/layered-uncertainty-conflict-credit-stress-and-ai,RE Debt,Alts - Real Estate,Alts - Real Assets,Alternatives,O,"PIMCO favors real estate debt as a more resilient private-credit area outside direct lending. Evidence: Private credit concerns investment implications box: ""Explore private credit investing beyond direct lending, including more resilient areas like asset-based finance and real estate debt"". Locator: p.1 — 'Our March 2026 Outlook focuses on three key themes' investment implications grid.",90,High,none
PIMCO,3/24/2026,"Layered Uncertainty: Conflict, Credit Stress, and AI",https://www.pimco.com/gb/en/insights/layered-uncertainty-conflict-credit-stress-and-ai,High Quality Issuers,Fixed Income - Investment Grade,Fixed Income - Credit & Specialty,Fixed Income,O,"PIMCO favors higher-quality credit exposure because AI disruption will create winners and losers and requires bottom-up issuer selection. Evidence: AI disruption investment implications box: ""Tilt up in quality, using rigorous bottom-up credit selection to identify risks"". Locator: p.1 — 'Our March 2026 Outlook focuses on three key themes' investment implications grid.",90,High,none
PIMCO,3/24/2026,"Layered Uncertainty: Conflict, Credit Stress, and AI",https://www.pimco.com/gb/en/insights/layered-uncertainty-conflict-credit-stress-and-ai,Infra Debt,Alts - Infrastructure,Alts - Real Assets,Alternatives,O,"PIMCO sees selective opportunities in AI infrastructure debt when pricing and lender covenants are favorable. Evidence: AI disruption investment implications box: ""We see sustainable opportunities in AI infrastructure lending when pricing is attractive and lender covenants are strong"". Locator: p.1 — 'Our March 2026 Outlook focuses on three key themes' investment implications grid.",90,High,none
Schroders,4/7/2026 | 3/20/2026,Quarterly markets review - Q1 2026 | Our multi-asset investment views – March 2026,https://www.schroders.com/en/global/individual/insights/quarterly-markets-review---q1-2026/ | https://www.schroders.com/en/global/individual/insights/our-multi-asset-investment-views-march-2026/,Equities - General,Asset Allocation - Broad,Asset Allocation,Equities,O,"Schroders maintains a positive broad equity view because fundamentals remain supportive despite elevated volatility and near-term geopolitical risks. Evidence: Green Long/positive dot next to 'Equities'; text reads: 'We maintain our positive view on equities, fading near-term geopolitical risks. We recognise that volatility may remain elevated, however fundamentals remain supportive.'. Locator: p.2 — 'Main Asset Classes' view list (Our multi-asset investment views – March 2026).",90,High,none
Schroders,4/7/2026 | 3/20/2026,Quarterly markets review - Q1 2026 | Our multi-asset investment views – March 2026,https://www.schroders.com/en/global/individual/insights/quarterly-markets-review---q1-2026/ | https://www.schroders.com/en/global/individual/insights/our-multi-asset-investment-views-march-2026/,Fixed Income - General/Global,Asset Allocation - Broad,Asset Allocation,Fixed Income,U,Schroders remains underweight bonds because the level of yields is seen as a valuation risk to equities. Evidence: We have monetised our long commodity hedges but remain underweight bonds as the level of yields poses a valuation risk to equities.. Locator: p.2 (Our multi-asset investment views – March 2026).,90,High,none
Schroders,4/7/2026 | 3/20/2026,Quarterly markets review - Q1 2026 | Our multi-asset investment views – March 2026,https://www.schroders.com/en/global/individual/insights/quarterly-markets-review---q1-2026/ | https://www.schroders.com/en/global/individual/insights/our-multi-asset-investment-views-march-2026/,Intermediate US Treasuries,Fixed Income - Sovereigns North America,Fixed Income - Rates & Sovereigns,Fixed Income,U,"Schroders expects the US 10-year yield to rise, which is an implied negative price view on intermediate US Treasuries. Evidence: Nevertheless, we think there is further upside in bond yields and would expect the US 10 year to rise to 4.5%.. Locator: p.2 (Our multi-asset investment views – March 2026).",75,High,none
Schroders,4/7/2026 | 3/20/2026,Quarterly markets review - Q1 2026 | Our multi-asset investment views – March 2026,https://www.schroders.com/en/global/individual/insights/quarterly-markets-review---q1-2026/ | https://www.schroders.com/en/global/individual/insights/our-multi-asset-investment-views-march-2026/,USD,Currencies,Currencies,Currencies,O,"Schroders upgrades the dollar to positive, citing Middle East uncertainty, US net oil-exporter status, and near-term cyclical support. Evidence: Green circle with up arrow next to 'US $'; text says Schroders upgraded its view on the dollar and that cyclical dynamics could be a near-term tailwind.. Locator: p.6 — 'Currencies' view list (Our multi-asset investment views – March 2026).",90,High,none
Schroders,4/7/2026 | 3/20/2026,Quarterly markets review - Q1 2026 | Our multi-asset investment views – March 2026,https://www.schroders.com/en/global/individual/insights/quarterly-markets-review---q1-2026/ | https://www.schroders.com/en/global/individual/insights/our-multi-asset-investment-views-march-2026/,US IG Credit,Fixed Income - Investment Grade,Fixed Income - Credit & Specialty,Fixed Income,U,Schroders turns negative on US investment grade credit because tight spreads offer little protection against stagflationary risks and rising issuance. Evidence: We also turn negative on US investment grade credit as current spreads offer little protection against the potential for stagflationary risks and increasing issuance (consistent with late cycle dynamics).. Locator: p.2 (Our multi-asset investment views – March 2026).,90,High,none
Schroders,4/7/2026 | 3/20/2026,Quarterly markets review - Q1 2026 | Our multi-asset investment views – March 2026,https://www.schroders.com/en/global/individual/insights/quarterly-markets-review---q1-2026/ | https://www.schroders.com/en/global/individual/insights/our-multi-asset-investment-views-march-2026/,Global ex-US Value,Equities - Factor,"Equities - Sectors, Factors, Thematics",Equities,U,Schroders closes its overweight to international value stocks because financials remain vulnerable to rate concerns and the US is expected to be more resilient. Evidence: We maintain our overweight position in equities but have decided to close the overweight to international value stocks as financials remain vulnerable to rate concerns and the US is likely to be more resilient to any protracted oil price spike.. Locator: p.2 (Our multi-asset investment views – March 2026).,75,High,none
Schroders,4/7/2026 | 3/20/2026,Quarterly markets review - Q1 2026 | Our multi-asset investment views – March 2026,https://www.schroders.com/en/global/individual/insights/quarterly-markets-review---q1-2026/ | https://www.schroders.com/en/global/individual/insights/our-multi-asset-investment-views-march-2026/,Gold/Precious,Alts - Commodities,Commodities,Alternatives,O,"Schroders remains long gold on structural emerging-market central-bank demand and diversification against fiscal and geopolitical risks. Evidence: We remain long gold despite recent volatility, as we expect continued structural demand from emerging market central banks and see it as an important diversifier against fiscal and geopolitical risks.. Locator: p.2 (Our multi-asset investment views – March 2026).",90,High,none
Schroders,4/7/2026 | 3/20/2026,Quarterly markets review - Q1 2026 | Our multi-asset investment views – March 2026,https://www.schroders.com/en/global/individual/insights/quarterly-markets-review---q1-2026/ | https://www.schroders.com/en/global/individual/insights/our-multi-asset-investment-views-march-2026/,EM Debt - Local Currency,Fixed Income - Sovereigns,Fixed Income - Rates & Sovereigns,Fixed Income,O,Schroders maintains a long position in local EMD because real yields are attractive and debt dynamics are improving. Evidence: We also maintain our long position in local EMD given attractive real yields and better debt dynamics.. Locator: p.2 (Our multi-asset investment views – March 2026).,90,High,none
Schroders,4/7/2026 | 3/20/2026,Quarterly markets review - Q1 2026 | Our multi-asset investment views – March 2026,https://www.schroders.com/en/global/individual/insights/quarterly-markets-review---q1-2026/ | https://www.schroders.com/en/global/individual/insights/our-multi-asset-investment-views-march-2026/,Global Govt Bonds/SSAs,Fixed Income - Sovereigns,Fixed Income - Rates & Sovereigns,Fixed Income,U,"Schroders is negative on government bonds because markets are viewed as too complacent about inflation risks from an extended Middle East conflict. Evidence: Red Short/negative dot next to 'Government bonds'; text reads: 'We remain negative on government bonds, reflecting the view that markets remain too complacent about the inflation risks of an extended conflict in the Middle East.'. Locator: p.2-p.3 — 'Main Asset Classes' view list (Our multi-asset investment views – March 2026).",90,High,none
Schroders,4/7/2026 | 3/20/2026,Quarterly markets review - Q1 2026 | Our multi-asset investment views – March 2026,https://www.schroders.com/en/global/individual/insights/quarterly-markets-review---q1-2026/ | https://www.schroders.com/en/global/individual/insights/our-multi-asset-investment-views-march-2026/,Commodities,Alts - Commodities,Commodities,Alternatives,N,Schroders downgraded broad commodities to neutral after taking profits following the oil-price spike. Evidence: Yellow Neutral dot and Down from last month arrow next to 'Commodities'; text reads: 'We took profits on our broad commodities position and have downgraded our view to neutral.'. Locator: p.3 — 'Main Asset Classes' view list (Our multi-asset investment views – March 2026).,100,High,none
Schroders,4/7/2026 | 3/20/2026,Quarterly markets review - Q1 2026 | Our multi-asset investment views – March 2026,https://www.schroders.com/en/global/individual/insights/quarterly-markets-review---q1-2026/ | https://www.schroders.com/en/global/individual/insights/our-multi-asset-investment-views-march-2026/,Credit - General / Multi-Sector / Broad,Fixed Income - Investment Grade,Fixed Income - Credit & Specialty,Fixed Income,U,Schroders downgraded broad credit to negative because tight spreads no longer reflect prevailing market risks. Evidence: Red Short/negative dot and Down from last month arrow next to 'Corporate bonds (credit)'; text reads: 'We have downgraded our score for credit to negative.'. Locator: p.3 — 'Main Asset Classes' view list (Our multi-asset investment views – March 2026).,90,High,none
Schroders,4/7/2026 | 3/20/2026,Quarterly markets review - Q1 2026 | Our multi-asset investment views – March 2026,https://www.schroders.com/en/global/individual/insights/quarterly-markets-review---q1-2026/ | https://www.schroders.com/en/global/individual/insights/our-multi-asset-investment-views-march-2026/,US Equities,Equities - DMs,Equities - Geography,Equities,O,"Schroders maintains a positive view on US equities, supported by earnings growth and a healthy consumer. Evidence: Green Long/positive dot next to 'US'; text reads: 'We maintain a positive view on US equities despite recent underperformance, with earnings growth and a healthy consumer underpinning growth.'. Locator: p.3 — 'Equities' view list (Our multi-asset investment views – March 2026).",90,High,none
Schroders,4/7/2026 | 3/20/2026,Quarterly markets review - Q1 2026 | Our multi-asset investment views – March 2026,https://www.schroders.com/en/global/individual/insights/quarterly-markets-review---q1-2026/ | https://www.schroders.com/en/global/individual/insights/our-multi-asset-investment-views-march-2026/,UK Equities,Equities - DMs,Equities - Geography,Equities,N,Schroders is neutral on UK equities because few clear growth catalysts and political uncertainty offset potential AI-disruption resilience. Evidence: Yellow Neutral dot next to 'UK'; text reads: 'We maintain a neutral stance on UK equities.'. Locator: p.3 — 'Equities' view list (Our multi-asset investment views – March 2026).,90,High,none
Schroders,4/7/2026 | 3/20/2026,Quarterly markets review - Q1 2026 | Our multi-asset investment views – March 2026,https://www.schroders.com/en/global/individual/insights/quarterly-markets-review---q1-2026/ | https://www.schroders.com/en/global/individual/insights/our-multi-asset-investment-views-march-2026/,Europe Equities,Equities - DMs,Equities - Geography,Equities,N,Schroders remains neutral on European equities as supportive fiscal backdrop is balanced by energy-price sensitivity and banking exposure. Evidence: Yellow Neutral dot next to 'Europe ex UK'; text reads: 'We remain neutral on European equities.'. Locator: p.3 — 'Equities' view list (Our multi-asset investment views – March 2026).,90,High,none
Schroders,4/7/2026 | 3/20/2026,Quarterly markets review - Q1 2026 | Our multi-asset investment views – March 2026,https://www.schroders.com/en/global/individual/insights/quarterly-markets-review---q1-2026/ | https://www.schroders.com/en/global/individual/insights/our-multi-asset-investment-views-march-2026/,Japan Equities,Equities - DMs,Equities - Geography,Equities,N,"Schroders is neutral on Japan equities, with possible fiscal support balanced against no stronger positive stance. Evidence: Yellow Neutral dot next to 'Japan'; text reads: 'We maintain a neutral view, although expectations of additional fiscal support following the recent election may help underpin domestic activity.'. Locator: p.3 — 'Equities' view list (Our multi-asset investment views – March 2026).",90,High,none
Schroders,4/7/2026 | 3/20/2026,Quarterly markets review - Q1 2026 | Our multi-asset investment views – March 2026,https://www.schroders.com/en/global/individual/insights/quarterly-markets-review---q1-2026/ | https://www.schroders.com/en/global/individual/insights/our-multi-asset-investment-views-march-2026/,Emerging Markets Equities,Equities - EMs,Equities - Geography,Equities,O,"Schroders upgrades EM equities to positive, especially Asia markets with technology exposure benefiting from AI tailwinds. Evidence: Green Long/positive dot and Up from last month arrow next to 'Global Emerging Markets (EM)'; text reads: 'We have upgraded our view on EM equities to positive, with a particular focus on Asia, where countries with greater exposure to the technology sector stand to benefit from tailwinds around the AI theme.'. Locator: p.3 — 'Equities' view list (Our multi-asset investment views – March 2026).",90,High,none
Schroders,4/7/2026 | 3/20/2026,Quarterly markets review - Q1 2026 | Our multi-asset investment views – March 2026,https://www.schroders.com/en/global/individual/insights/quarterly-markets-review---q1-2026/ | https://www.schroders.com/en/global/individual/insights/our-multi-asset-investment-views-march-2026/,China Equities,Equities - EMs,Equities - Geography,Equities,N,"Schroders remains neutral on China equities because near-term growth catalysts are limited despite strong exports. Evidence: Yellow Neutral dot next to 'Asia ex-Japan: China'; text reads: 'We remain neutral, with few catalysts for growth in the near-term.'. Locator: p.3-p.4 — 'Equities' view list (Our multi-asset investment views – March 2026).",90,High,none
Schroders,4/7/2026 | 3/20/2026,Quarterly markets review - Q1 2026 | Our multi-asset investment views – March 2026,https://www.schroders.com/en/global/individual/insights/quarterly-markets-review---q1-2026/ | https://www.schroders.com/en/global/individual/insights/our-multi-asset-investment-views-march-2026/,Asia ex-China Equities,Equities - Geo,Equities - Geography,Equities,O,"Schroders is positive on EM Asia ex China because export-oriented markets benefit from US strength and industrial resilience with fewer geopolitical worries than China. Evidence: Green Long/positive dot and Up from last month arrow next to 'EM Asia ex China'; text reads: 'Export-oriented Asian markets benefit from US strength and industrial resilience, with relatively fewer geopolitical worries than China.'. Locator: p.4 — 'Equities' view list (Our multi-asset investment views – March 2026).",90,High,none
Schroders,4/7/2026 | 3/20/2026,Quarterly markets review - Q1 2026 | Our multi-asset investment views – March 2026,https://www.schroders.com/en/global/individual/insights/quarterly-markets-review---q1-2026/ | https://www.schroders.com/en/global/individual/insights/our-multi-asset-investment-views-march-2026/,US Treasuries,Fixed Income - Sovereigns North America,Fixed Income - Rates & Sovereigns,Fixed Income,U,Schroders is negative on US Treasuries because high energy prices and solid growth create upside risk for yields. Evidence: Red Short/negative dot next to 'US'; text reads: 'We remain negative on US Treasuries.'. Locator: p.4 — 'Government bonds' view list (Our multi-asset investment views – March 2026).,100,High,none
Schroders,4/7/2026 | 3/20/2026,Quarterly markets review - Q1 2026 | Our multi-asset investment views – March 2026,https://www.schroders.com/en/global/individual/insights/quarterly-markets-review---q1-2026/ | https://www.schroders.com/en/global/individual/insights/our-multi-asset-investment-views-march-2026/,UK Gilts,Fixed Income - Sovereigns Europe,Fixed Income - Rates & Sovereigns,Fixed Income,N,Schroders is neutral on gilts as the oil-price rise has reduced the likelihood of previously expected Bank of England rate cuts. Evidence: Yellow Neutral dot next to 'UK'; text reads: 'We remain neutral on gilts.'. Locator: p.4 — 'Government bonds' view list (Our multi-asset investment views – March 2026).,90,High,none
Schroders,4/7/2026 | 3/20/2026,Quarterly markets review - Q1 2026 | Our multi-asset investment views – March 2026,https://www.schroders.com/en/global/individual/insights/quarterly-markets-review---q1-2026/ | https://www.schroders.com/en/global/individual/insights/our-multi-asset-investment-views-march-2026/,Euro Govt Bonds,Fixed Income - Sovereigns Europe,Fixed Income - Rates & Sovereigns,Fixed Income,N,Schroders is neutral on European government bonds because vulnerability to Gulf oil price rises offsets any stronger positive case. Evidence: Yellow Neutral dot next to 'Europe'; text reads: 'We retain a neutral stance on European government bonds.'. Locator: p.4 — 'Government bonds' view list (Our multi-asset investment views – March 2026).,90,High,none
Schroders,4/7/2026 | 3/20/2026,Quarterly markets review - Q1 2026 | Our multi-asset investment views – March 2026,https://www.schroders.com/en/global/individual/insights/quarterly-markets-review---q1-2026/ | https://www.schroders.com/en/global/individual/insights/our-multi-asset-investment-views-march-2026/,Japan Govt Bonds,Fixed Income - Sovereigns APAC,Fixed Income - Rates & Sovereigns,Fixed Income,N,Schroders is neutral on JGBs as fiscal expansion support is tempered by policy normalisation and global reflation risks. Evidence: Yellow Neutral dot next to 'Japan'; text reads: 'We remain neutral on JGBs.'. Locator: p.4 — 'Government bonds' view list (Our multi-asset investment views – March 2026).,90,High,none
Schroders,4/7/2026 | 3/20/2026,Quarterly markets review - Q1 2026 | Our multi-asset investment views – March 2026,https://www.schroders.com/en/global/individual/insights/quarterly-markets-review---q1-2026/ | https://www.schroders.com/en/global/individual/insights/our-multi-asset-investment-views-march-2026/,Inflation-Linked/TIPs,Fixed Income - Sovereigns North America,Fixed Income - Rates & Sovereigns,Fixed Income,N,"Schroders is neutral on US inflation-linked bonds while acknowledging renewed inflation risks from Middle East energy-price pressure. Evidence: Yellow Neutral dot next to 'US inflation-linked bonds'; text reads: 'While inflation has moderated, risks are skewed to a second wave particularly as the impacts of the Middle East war push energy prices higher.'. Locator: p.4 — 'Government bonds' view list (Our multi-asset investment views – March 2026).",90,High,none
Schroders,4/7/2026 | 3/20/2026,Quarterly markets review - Q1 2026 | Our multi-asset investment views – March 2026,https://www.schroders.com/en/global/individual/insights/quarterly-markets-review---q1-2026/ | https://www.schroders.com/en/global/individual/insights/our-multi-asset-investment-views-march-2026/,Europe IG Credit,Fixed Income - Investment Grade,Fixed Income - Credit & Specialty,Fixed Income,N,"Schroders is neutral overall on Europe IG credit, with less stretched valuations offset by greater sensitivity to energy price rises. Evidence: Yellow Neutral dot next to 'Europe' under 'Investment grade credit'; text reads: 'We prefer Europe over the US but remain neutral overall.'. Locator: p.5 — 'Investment grade credit' view list (Our multi-asset investment views – March 2026).",90,High,none
Schroders,4/7/2026 | 3/20/2026,Quarterly markets review - Q1 2026 | Our multi-asset investment views – March 2026,https://www.schroders.com/en/global/individual/insights/quarterly-markets-review---q1-2026/ | https://www.schroders.com/en/global/individual/insights/our-multi-asset-investment-views-march-2026/,EM IG Credit,Fixed Income - Investment Grade,Fixed Income - Credit & Specialty,Fixed Income,U,"Schroders downgraded EM USD investment grade credit because regional exposure to the Middle East and Asia raises spread-widening risk. Evidence: Red Short/negative dot and Down from last month arrow next to 'Emerging markets USD' under 'Investment grade credit'; text reads: 'We have downgraded our view, as regional exposure to the Middle East and Asia means the risk of spreads widening is greater than current levels currently reflect.'. Locator: p.5 — 'Investment grade credit' view list (Our multi-asset investment views – March 2026).",90,High,none
Schroders,4/7/2026 | 3/20/2026,Quarterly markets review - Q1 2026 | Our multi-asset investment views – March 2026,https://www.schroders.com/en/global/individual/insights/quarterly-markets-review---q1-2026/ | https://www.schroders.com/en/global/individual/insights/our-multi-asset-investment-views-march-2026/,US HY,Fixed Income - High Yield,Fixed Income - Credit & Specialty,Fixed Income,U,"Schroders downgraded US high yield to negative due to AI-related company exposure and vulnerability to changing technicals. Evidence: Red Short/negative dot and Down from last month arrow next to 'US' under 'High yield bonds (non-investment grade)'; text reads: 'We have downgraded the sector to negative, owing to exposure to AI related companies and susceptibility to a change in technicals.'. Locator: p.5 — 'High yield bonds (non-investment grade)' view list (Our multi-asset investment views – March 2026).",90,High,none
Schroders,4/7/2026 | 3/20/2026,Quarterly markets review - Q1 2026 | Our multi-asset investment views – March 2026,https://www.schroders.com/en/global/individual/insights/quarterly-markets-review---q1-2026/ | https://www.schroders.com/en/global/individual/insights/our-multi-asset-investment-views-march-2026/,Europe HY,Fixed Income - High Yield,Fixed Income - Credit & Specialty,Fixed Income,U,"Schroders downgraded Europe high yield to negative because valuations are expensive and the Iran conflict raises energy-price sensitivity risk. Evidence: Red Short/negative dot and Down from last month arrow next to 'Europe' under 'High yield bonds (non-investment grade)'; text reads: 'We have downgraded to negative, with valuations expensive and the conflict in Iran posing a risk due to sensitivity to energy prices.'. Locator: p.5 — 'High yield bonds (non-investment grade)' view list (Our multi-asset investment views – March 2026).",90,High,none
Schroders,4/7/2026 | 3/20/2026,Quarterly markets review - Q1 2026 | Our multi-asset investment views – March 2026,https://www.schroders.com/en/global/individual/insights/quarterly-markets-review---q1-2026/ | https://www.schroders.com/en/global/individual/insights/our-multi-asset-investment-views-march-2026/,Energy,Alts - Commodities,Commodities,Alternatives,N,"Schroders switches energy to neutral after taking profits, judging current price levels unsustainable while awaiting war-duration clarity. Evidence: Yellow Neutral dot and Down from last month arrow next to 'Energy'; text reads: 'We have taken profits on our energy position as oil prices have moved significantly higher since the start of the month.'. Locator: p.5 — 'Commodities' view list (Our multi-asset investment views – March 2026).",100,High,none
Schroders,4/7/2026 | 3/20/2026,Quarterly markets review - Q1 2026 | Our multi-asset investment views – March 2026,https://www.schroders.com/en/global/individual/insights/quarterly-markets-review---q1-2026/ | https://www.schroders.com/en/global/individual/insights/our-multi-asset-investment-views-march-2026/,Copper/Industrial,Alts - Commodities,Commodities,Alternatives,N,"Schroders marks industrial metals neutral in the commodities view list, while noting potential aluminium supply disruption from the Middle East. Evidence: Yellow Neutral dot next to 'Industrial metals'; text begins: 'There is potential for supply side disruption to aluminium due to the Middle-East'. Locator: p.5 — 'Commodities' view list (Our multi-asset investment views – March 2026).",90,High,none
Schroders,4/7/2026 | 3/20/2026,Quarterly markets review - Q1 2026 | Our multi-asset investment views – March 2026,https://www.schroders.com/en/global/individual/insights/quarterly-markets-review---q1-2026/ | https://www.schroders.com/en/global/individual/insights/our-multi-asset-investment-views-march-2026/,Agriculture/Farmland,Alts - Commodities,Commodities,Alternatives,N,"Schroders marks Agriculture neutral despite expecting it to lag on high grain supply, with fertiliser supply sensitivity as an offset. Evidence: Yellow circle next to 'Agriculture'; text says agriculture is likely to be a laggard among commodities but has some sensitivity to any Strait of Hormuz closure through fertiliser supply.. Locator: p.6 — 'Commodities' view list (Our multi-asset investment views – March 2026).",90,High,none
Schroders,4/7/2026 | 3/20/2026,Quarterly markets review - Q1 2026 | Our multi-asset investment views – March 2026,https://www.schroders.com/en/global/individual/insights/quarterly-markets-review---q1-2026/ | https://www.schroders.com/en/global/individual/insights/our-multi-asset-investment-views-march-2026/,GBP,Currencies,Currencies,Currencies,N,"Schroders remains neutral on sterling, balancing a weak macro backdrop against reduced Bank of England rate-cut expectations after inflation pressure. Evidence: Yellow circle next to 'UK £'; text says 'We remain neutral on sterling.'. Locator: p.6 — 'Currencies' view list (Our multi-asset investment views – March 2026).",90,High,none
Schroders,4/7/2026 | 3/20/2026,Quarterly markets review - Q1 2026 | Our multi-asset investment views – March 2026,https://www.schroders.com/en/global/individual/insights/quarterly-markets-review---q1-2026/ | https://www.schroders.com/en/global/individual/insights/our-multi-asset-investment-views-march-2026/,EUR,Currencies,Currencies,Currencies,U,Schroders downgrades the euro to negative because it expects selling as investors increase dollar exposure and Europe is more sensitive to the energy shock. Evidence: Red circle with down arrow next to 'EU €'; text says Schroders downgraded the euro to negative.. Locator: p.6 — 'Currencies' view list (Our multi-asset investment views – March 2026).,90,High,none
Schroders,4/7/2026 | 3/20/2026,Quarterly markets review - Q1 2026 | Our multi-asset investment views – March 2026,https://www.schroders.com/en/global/individual/insights/quarterly-markets-review---q1-2026/ | https://www.schroders.com/en/global/individual/insights/our-multi-asset-investment-views-march-2026/,CNY,Currencies,Currencies,Currencies,N,"Schroders remains neutral on CNH, noting moderated inflation and relative insulation from the energy price shock. Evidence: Yellow circle next to 'CNH ¥'; text says 'We remain neutral.'. Locator: p.6 — 'Currencies' view list (Our multi-asset investment views – March 2026).",90,High,none
Schroders,4/7/2026 | 3/20/2026,Quarterly markets review - Q1 2026 | Our multi-asset investment views – March 2026,https://www.schroders.com/en/global/individual/insights/quarterly-markets-review---q1-2026/ | https://www.schroders.com/en/global/individual/insights/our-multi-asset-investment-views-march-2026/,JPY,Currencies,Currencies,Currencies,N,Schroders maintains a neutral yen view because policy normalisation is gradual and near-term currency dynamics are broadly balanced. Evidence: Yellow circle next to 'JPY ¥'; text says Schroders maintains a neutral view on the yen.. Locator: p.6 — 'Currencies' view list (Our multi-asset investment views – March 2026).,90,High,none
Schroders,4/7/2026 | 3/20/2026,Quarterly markets review - Q1 2026 | Our multi-asset investment views – March 2026,https://www.schroders.com/en/global/individual/insights/quarterly-markets-review---q1-2026/ | https://www.schroders.com/en/global/individual/insights/our-multi-asset-investment-views-march-2026/,CHF,Currencies,Currencies,Currencies,N,Schroders stays neutral on the Swiss franc because safe-haven support is offset by intervention risk and less attractive entry levels. Evidence: Yellow circle next to 'Swiss franc ₣'; text says Schroders stays neutral on the Swiss franc.. Locator: p.6 — 'Currencies' view list (Our multi-asset investment views – March 2026).,90,High,none
J.P. Morgan Asset Management,3/26/2026 | 4/30/2026,Global Fixed Income Views 2Q 2026 | Global Asset Allocation Views 2Q 2026,https://am.jpmorgan.com/us/en/asset-management/institutional/insights/portfolio-insights/asset-class-views/fixed-income/ | https://am.jpmorgan.com/gb/en/asset-management/institutional/insights/portfolio-insights/asset-class-views/asset-allocation/c,Oil,Alts - Commodities,Commodities,Alternatives,N,"J.P. Morgan sees the oil shock as temporary, with Brent elevated in Q2 but normalizing over Q3-Q4, so the two-sided path nets to neutral for oil. Evidence: In our own base case scenario, in which Brent crude averages around $100 in Q2 before retreating to more normal levels over the course of Q3 and Q4, the global economy would likely be able to move past the energy shock and deliver solid growth.. Locator: p.1 (Global Asset Allocation Views 2Q 2026). Checker: unconfirmed (Quote is a macro base-case oil price path (elevated then retreating); the net direction reads as mildly downward as much as neutral, so N is plausible but not decisive.).",74,Medium,review
J.P. Morgan Asset Management,3/26/2026 | 4/30/2026,Global Fixed Income Views 2Q 2026 | Global Asset Allocation Views 2Q 2026,https://am.jpmorgan.com/us/en/asset-management/institutional/insights/portfolio-insights/asset-class-views/fixed-income/ | https://am.jpmorgan.com/gb/en/asset-management/institutional/insights/portfolio-insights/asset-class-views/asset-allocation/c,Equities - General,Asset Allocation - Broad,Asset Allocation,Equities,O,"J.P. Morgan maintains a risk-on allocation stance and explicitly includes an equity overweight over the 12-18 month horizon. Evidence: This view sets the foundation for our continued risk-on stance, including an equity overweight, over a 12-18 month investment horizon.. Locator: p.1 (Global Asset Allocation Views 2Q 2026).",90,High,none
J.P. Morgan Asset Management,3/26/2026 | 4/30/2026,Global Fixed Income Views 2Q 2026 | Global Asset Allocation Views 2Q 2026,https://am.jpmorgan.com/us/en/asset-management/institutional/insights/portfolio-insights/asset-class-views/fixed-income/ | https://am.jpmorgan.com/gb/en/asset-management/institutional/insights/portfolio-insights/asset-class-views/asset-allocation/c,Duration - Short,Fixed Income - Duration,Fixed Income - General,Fixed Income,O,"J.P. Morgan favors shorter duration in fixed income as it expects yield curves to steepen. Evidence: Our equity outlook remains moderately pro-risk, reflecting our base case of solid economic growth and structural tailwinds from global fiscal stimulus and AI adoption. In fixed income, we are leaning into shorter duration as yield curves steepen. Credit positioning is neutral, reflecting the asymmetric distribution of returns in the current environment (Exhibit 2).. Locator: p.3 (Global Asset Allocation Views 2Q 2026).",90,High,none
J.P. Morgan Asset Management,3/26/2026 | 4/30/2026,Global Fixed Income Views 2Q 2026 | Global Asset Allocation Views 2Q 2026,https://am.jpmorgan.com/us/en/asset-management/institutional/insights/portfolio-insights/asset-class-views/fixed-income/ | https://am.jpmorgan.com/gb/en/asset-management/institutional/insights/portfolio-insights/asset-class-views/asset-allocation/c,Credit - General / Multi-Sector / Broad,Fixed Income - Investment Grade,Fixed Income - Credit & Specialty,Fixed Income,N,"J.P. Morgan explicitly keeps broad credit positioning neutral because return risks are asymmetric. Evidence: Our equity outlook remains moderately pro-risk, reflecting our base case of solid economic growth and structural tailwinds from global fiscal stimulus and AI adoption. In fixed income, we are leaning into shorter duration as yield curves steepen. Credit positioning is neutral, reflecting the asymmetric distribution of returns in the current environment (Exhibit 2).. Locator: p.3 (Global Asset Allocation Views 2Q 2026).",90,High,none
J.P. Morgan Asset Management,3/26/2026 | 4/30/2026,Global Fixed Income Views 2Q 2026 | Global Asset Allocation Views 2Q 2026,https://am.jpmorgan.com/us/en/asset-management/institutional/insights/portfolio-insights/asset-class-views/fixed-income/ | https://am.jpmorgan.com/gb/en/asset-management/institutional/insights/portfolio-insights/asset-class-views/asset-allocation/c,Global HY,Fixed Income - High Yield,Fixed Income - Credit & Specialty,Fixed Income,N,"J.P. Morgan maintains a neutral high yield stance because downside return asymmetry offsets attractive carry. Evidence: With asymmetric returns to the downside, we maintain a neutral stance on high yield and emerging market debt (Exhibit 3).. Locator: p.3 (Global Asset Allocation Views 2Q 2026).",90,High,none
J.P. Morgan Asset Management,3/26/2026 | 4/30/2026,Global Fixed Income Views 2Q 2026 | Global Asset Allocation Views 2Q 2026,https://am.jpmorgan.com/us/en/asset-management/institutional/insights/portfolio-insights/asset-class-views/fixed-income/ | https://am.jpmorgan.com/gb/en/asset-management/institutional/insights/portfolio-insights/asset-class-views/asset-allocation/c,EM Debt - General,Fixed Income - Geo,Fixed Income - Rates & Sovereigns,Fixed Income,N,"J.P. Morgan keeps emerging market debt neutral as rising macro risk creates asymmetric downside despite carry. Evidence: With asymmetric returns to the downside, we maintain a neutral stance on high yield and emerging market debt (Exhibit 3).. Locator: p.3 (Global Asset Allocation Views 2Q 2026).",90,High,none
J.P. Morgan Asset Management,3/26/2026 | 4/30/2026,Global Fixed Income Views 2Q 2026 | Global Asset Allocation Views 2Q 2026,https://am.jpmorgan.com/us/en/asset-management/institutional/insights/portfolio-insights/asset-class-views/fixed-income/ | https://am.jpmorgan.com/gb/en/asset-management/institutional/insights/portfolio-insights/asset-class-views/asset-allocation/c,Japan Equities,Equities - DMs,Equities - Geography,Equities,O,"J.P. Morgan rates Japanese equities overweight on reflation, fiscal stimulus, governance reform, and supportive policy against the oil shock. Evidence: Japan — OW selected; Description: Japan’s economic reflation, fiscal stimulus and improving corporate governance have created a structural opportunity in Japanese equities; strong policy support against oil shock.. Locator: p.6 — 'Active allocation views' table (Global Asset Allocation Views 2Q 2026).",90,High,none
J.P. Morgan Asset Management,3/26/2026 | 4/30/2026,Global Fixed Income Views 2Q 2026 | Global Asset Allocation Views 2Q 2026,https://am.jpmorgan.com/us/en/asset-management/institutional/insights/portfolio-insights/asset-class-views/fixed-income/ | https://am.jpmorgan.com/gb/en/asset-management/institutional/insights/portfolio-insights/asset-class-views/asset-allocation/c,Intermediate US Treasuries,Fixed Income - Sovereigns North America,Fixed Income - Rates & Sovereigns,Fixed Income,U,"J.P. Morgan is short U.S. 10-year duration because it expects better growth and higher yields, implying an underweight to intermediate Treasuries. Evidence: Across rates and FX, we have moved to short U.S. 10-year duration, reflecting a fundamental outlook for better growth and higher yields.. Locator: p.4 (Global Asset Allocation Views 2Q 2026).",90,High,none
J.P. Morgan Asset Management,3/26/2026 | 4/30/2026,Global Fixed Income Views 2Q 2026 | Global Asset Allocation Views 2Q 2026,https://am.jpmorgan.com/us/en/asset-management/institutional/insights/portfolio-insights/asset-class-views/fixed-income/ | https://am.jpmorgan.com/gb/en/asset-management/institutional/insights/portfolio-insights/asset-class-views/asset-allocation/c,USD,Currencies,Currencies,Currencies,U,J.P. Morgan underweights the U.S. dollar because it expects weakness as global growth recovers and rate differentials narrow. Evidence: USD — UW selected; Description: Expect weakness as global growth recovers and interest rate differentials decline.. Locator: p.6 — 'Active allocation views' table (Global Asset Allocation Views 2Q 2026).,100,High,none
J.P. Morgan Asset Management,3/26/2026 | 4/30/2026,Global Fixed Income Views 2Q 2026 | Global Asset Allocation Views 2Q 2026,https://am.jpmorgan.com/us/en/asset-management/institutional/insights/portfolio-insights/asset-class-views/fixed-income/ | https://am.jpmorgan.com/gb/en/asset-management/institutional/insights/portfolio-insights/asset-class-views/asset-allocation/c,Gold/Precious,Alts - Commodities,Commodities,Alternatives,O,"J.P. Morgan continues to see gold as a valid portfolio diversifier despite recent ETF and central-bank flow concerns. Evidence: Looking forward, despite recent news on Turkish central bank gold holdings and a recent dip in certain gold ETF holdings, gold’s role as a portfolio diversifier remains intact.. Locator: p.4 (Global Asset Allocation Views 2Q 2026). Checker: unconfirmed (Quote reaffirms gold's diversifier role 'remains intact' but does not clearly state an overweight/add, so the O sign is plausible but not decisive.).",74,Medium,review
J.P. Morgan Asset Management,3/26/2026 | 4/30/2026,Global Fixed Income Views 2Q 2026 | Global Asset Allocation Views 2Q 2026,https://am.jpmorgan.com/us/en/asset-management/institutional/insights/portfolio-insights/asset-class-views/fixed-income/ | https://am.jpmorgan.com/gb/en/asset-management/institutional/insights/portfolio-insights/asset-class-views/asset-allocation/c,Quality,Equities - Factor,"Equities - Sectors, Factors, Thematics",Equities,O,"J.P. Morgan says re-risking should focus on quality balance sheets, durable demand, and structural investment exposure. Evidence: When this period comes to an end, we think opportunistic re-risking in equity markets should focus on companies with quality balance sheets, durable demand, and exposure to structural investment cycles.. Locator: p.4 (Global Asset Allocation Views 2Q 2026).",75,High,none
J.P. Morgan Asset Management,3/26/2026 | 4/30/2026,Global Fixed Income Views 2Q 2026 | Global Asset Allocation Views 2Q 2026,https://am.jpmorgan.com/us/en/asset-management/institutional/insights/portfolio-insights/asset-class-views/fixed-income/ | https://am.jpmorgan.com/gb/en/asset-management/institutional/insights/portfolio-insights/asset-class-views/asset-allocation/c,IT/Tech/Telecomms (inc. AI),Equities - Sector,"Equities - Sectors, Factors, Thematics",Equities,O,"J.P. Morgan explicitly maintains an overweight to information technology, supported elsewhere by AI, earnings growth, strong balance sheets, and valuation. Evidence: Therefore, as mentioned, we maintain conviction in our overweights to the information technology and communication services sectors, funded by our positions in consumer staples.. Locator: p.4 (Global Asset Allocation Views 2Q 2026).",90,High,none
J.P. Morgan Asset Management,3/26/2026 | 4/30/2026,Global Fixed Income Views 2Q 2026 | Global Asset Allocation Views 2Q 2026,https://am.jpmorgan.com/us/en/asset-management/institutional/insights/portfolio-insights/asset-class-views/fixed-income/ | https://am.jpmorgan.com/gb/en/asset-management/institutional/insights/portfolio-insights/asset-class-views/asset-allocation/c,Communication Services,Equities - Sector,"Equities - Sectors, Factors, Thematics",Equities,O,"J.P. Morgan explicitly maintains an overweight to communication services alongside information technology. Evidence: Therefore, as mentioned, we maintain conviction in our overweights to the information technology and communication services sectors, funded by our positions in consumer staples.. Locator: p.4 (Global Asset Allocation Views 2Q 2026).",90,High,none
J.P. Morgan Asset Management,3/26/2026 | 4/30/2026,Global Fixed Income Views 2Q 2026 | Global Asset Allocation Views 2Q 2026,https://am.jpmorgan.com/us/en/asset-management/institutional/insights/portfolio-insights/asset-class-views/fixed-income/ | https://am.jpmorgan.com/gb/en/asset-management/institutional/insights/portfolio-insights/asset-class-views/asset-allocation/c,Consumer Staples,Equities - Sector,"Equities - Sectors, Factors, Thematics",Equities,U,"J.P. Morgan funds preferred sector overweights from consumer staples and says the sector is likely challenged by the macro and earnings backdrop. Evidence: Therefore, as mentioned, we maintain conviction in our overweights to the information technology and communication services sectors, funded by our positions in consumer staples. ... On the other hand, consumer staples will likely be challenged amid a healthy macro backdrop and tepid earnings growth.. Locator: p.4 (Global Asset Allocation Views 2Q 2026).",75,High,none
J.P. Morgan Asset Management,3/26/2026 | 4/30/2026,Global Fixed Income Views 2Q 2026 | Global Asset Allocation Views 2Q 2026,https://am.jpmorgan.com/us/en/asset-management/institutional/insights/portfolio-insights/asset-class-views/fixed-income/ | https://am.jpmorgan.com/gb/en/asset-management/institutional/insights/portfolio-insights/asset-class-views/asset-allocation/c,Europe Equities,Equities - DMs,Equities - Geography,Equities,U,J.P. Morgan limits Europe exposure because of energy sensitivity and notes it was already the least-favored equity region. Evidence: We are also inclined to limit exposure to Europe given its greater sensitivity to energy dynamics; it was already our least-favored region coming into the Middle East conflict.. Locator: p.4 (Global Asset Allocation Views 2Q 2026).,90,High,none
J.P. Morgan Asset Management,3/26/2026 | 4/30/2026,Global Fixed Income Views 2Q 2026 | Global Asset Allocation Views 2Q 2026,https://am.jpmorgan.com/us/en/asset-management/institutional/insights/portfolio-insights/asset-class-views/fixed-income/ | https://am.jpmorgan.com/gb/en/asset-management/institutional/insights/portfolio-insights/asset-class-views/asset-allocation/c,UK Gilts,Fixed Income - Sovereigns Europe,Fixed Income - Rates & Sovereigns,Fixed Income,O,"J.P. Morgan remains long Gilts in a relative rates trade against Australian government bonds. Evidence: Expecting steeper yield curves as governments increase spending and global growth recovers, we have maintained our UST 5s30s steepener and remain long Gilts vs. Australian government bonds.. Locator: p.4 (Global Asset Allocation Views 2Q 2026).",90,High,none
J.P. Morgan Asset Management,3/26/2026 | 4/30/2026,Global Fixed Income Views 2Q 2026 | Global Asset Allocation Views 2Q 2026,https://am.jpmorgan.com/us/en/asset-management/institutional/insights/portfolio-insights/asset-class-views/fixed-income/ | https://am.jpmorgan.com/gb/en/asset-management/institutional/insights/portfolio-insights/asset-class-views/asset-allocation/c,Australia Govt Bonds,Fixed Income - Sovereigns APAC,Fixed Income - Rates & Sovereigns,Fixed Income,U,"J.P. Morgan’s long Gilts versus Australian government bonds trade implies an underweight to Australian government bonds. Evidence: Expecting steeper yield curves as governments increase spending and global growth recovers, we have maintained our UST 5s30s steepener and remain long Gilts vs. Australian government bonds.. Locator: p.4 (Global Asset Allocation Views 2Q 2026).",90,High,none
J.P. Morgan Asset Management,3/26/2026 | 4/30/2026,Global Fixed Income Views 2Q 2026 | Global Asset Allocation Views 2Q 2026,https://am.jpmorgan.com/us/en/asset-management/institutional/insights/portfolio-insights/asset-class-views/fixed-income/ | https://am.jpmorgan.com/gb/en/asset-management/institutional/insights/portfolio-insights/asset-class-views/asset-allocation/c,NOK,Currencies,Currencies,Currencies,O,"J.P. Morgan is long NOK versus GBP because oil-exporter exposure benefits from the energy-shock dispersion. Evidence: In FX markets, the recent energy shock has created clear dispersion between exporters and importers, leaving us long NOK (an oil exporter) vs. GBP, and long AUD (with more persistent central bank hiking bias) vs. USD and GBP.. Locator: p.4 (Global Asset Allocation Views 2Q 2026).",100,High,none
J.P. Morgan Asset Management,3/26/2026 | 4/30/2026,Global Fixed Income Views 2Q 2026 | Global Asset Allocation Views 2Q 2026,https://am.jpmorgan.com/us/en/asset-management/institutional/insights/portfolio-insights/asset-class-views/fixed-income/ | https://am.jpmorgan.com/gb/en/asset-management/institutional/insights/portfolio-insights/asset-class-views/asset-allocation/c,GBP,Currencies,Currencies,Currencies,U,"J.P. Morgan is short GBP in both the NOK-vs.-GBP and AUD-vs.-GBP relative currency positions. Evidence: In FX markets, the recent energy shock has created clear dispersion between exporters and importers, leaving us long NOK (an oil exporter) vs. GBP, and long AUD (with more persistent central bank hiking bias) vs. USD and GBP.. Locator: p.4 (Global Asset Allocation Views 2Q 2026).",100,High,none
J.P. Morgan Asset Management,3/26/2026 | 4/30/2026,Global Fixed Income Views 2Q 2026 | Global Asset Allocation Views 2Q 2026,https://am.jpmorgan.com/us/en/asset-management/institutional/insights/portfolio-insights/asset-class-views/fixed-income/ | https://am.jpmorgan.com/gb/en/asset-management/institutional/insights/portfolio-insights/asset-class-views/asset-allocation/c,AUD,Currencies,Currencies,Currencies,O,"J.P. Morgan is long AUD versus USD and GBP due to a more persistent central-bank hiking bias. Evidence: In FX markets, the recent energy shock has created clear dispersion between exporters and importers, leaving us long NOK (an oil exporter) vs. GBP, and long AUD (with more persistent central bank hiking bias) vs. USD and GBP.. Locator: p.4 (Global Asset Allocation Views 2Q 2026).",100,High,none
J.P. Morgan Asset Management,3/26/2026 | 4/30/2026,Global Fixed Income Views 2Q 2026 | Global Asset Allocation Views 2Q 2026,https://am.jpmorgan.com/us/en/asset-management/institutional/insights/portfolio-insights/asset-class-views/fixed-income/ | https://am.jpmorgan.com/gb/en/asset-management/institutional/insights/portfolio-insights/asset-class-views/asset-allocation/c,Momentum,Equities - Factor,"Equities - Sectors, Factors, Thematics",Equities,O,"J.P. Morgan says elevated dispersion can favor momentum factor strategies. Evidence: This suggests wide performance gaps between high- and low-momentum stocks that can favor momentum-oriented factor strategies.. Locator: p.5 (Global Asset Allocation Views 2Q 2026). Evidence check: cited page detected as scrambled two-column text; verbatim quote match degraded to key-token overlap (confidence capped, review required).",74,Medium,review
J.P. Morgan Asset Management,3/26/2026 | 4/30/2026,Global Fixed Income Views 2Q 2026 | Global Asset Allocation Views 2Q 2026,https://am.jpmorgan.com/us/en/asset-management/institutional/insights/portfolio-insights/asset-class-views/fixed-income/ | https://am.jpmorgan.com/gb/en/asset-management/institutional/insights/portfolio-insights/asset-class-views/asset-allocation/c,US Small Cap,Equities - DM Caps,Equities - Geography,Equities,O,"J.P. Morgan identifies U.S. small caps as a pocket of opportunity within the dispersion backdrop. Evidence: Value dispersion shows a pocket of opportunity in U.S. small caps, while no monitored factor or universe is meaningfully compressed.. Locator: p.5 (Global Asset Allocation Views 2Q 2026). Evidence check: cited page detected as scrambled two-column text; verbatim quote match degraded to key-token overlap (confidence capped, review required).",74,Medium,review
J.P. Morgan Asset Management,3/26/2026 | 4/30/2026,Global Fixed Income Views 2Q 2026 | Global Asset Allocation Views 2Q 2026,https://am.jpmorgan.com/us/en/asset-management/institutional/insights/portfolio-insights/asset-class-views/fixed-income/ | https://am.jpmorgan.com/gb/en/asset-management/institutional/insights/portfolio-insights/asset-class-views/asset-allocation/c,Duration,Fixed Income - Duration,Fixed Income - General,Fixed Income,U,"J.P. Morgan rates overall duration underweight, with short Treasury and curve-steepener positioning and selective sovereign preferences. Evidence: Duration — UW selected; Change: negative arrow; Description: Short 10-year Treasuries and curve steepener; favor Gilts and BTPs with underweight to Bunds and Australia.. Locator: p.6 — 'Active allocation views' table (Global Asset Allocation Views 2Q 2026).",100,High,none
J.P. Morgan Asset Management,3/26/2026 | 4/30/2026,Global Fixed Income Views 2Q 2026 | Global Asset Allocation Views 2Q 2026,https://am.jpmorgan.com/us/en/asset-management/institutional/insights/portfolio-insights/asset-class-views/fixed-income/ | https://am.jpmorgan.com/gb/en/asset-management/institutional/insights/portfolio-insights/asset-class-views/asset-allocation/c,US Large Cap,Equities - DM Caps,Equities - Geography,Equities,O,J.P. Morgan rates U.S. large caps overweight on earnings upgrades in technology and communication services alongside improved valuations. Evidence: U.S. Large Cap — OW selected; Description: Technology and communication services continue to see earnings upgrades and valuations have declined.. Locator: p.6 — 'Active allocation views' table (Global Asset Allocation Views 2Q 2026).,90,High,none
J.P. Morgan Asset Management,3/26/2026 | 4/30/2026,Global Fixed Income Views 2Q 2026 | Global Asset Allocation Views 2Q 2026,https://am.jpmorgan.com/us/en/asset-management/institutional/insights/portfolio-insights/asset-class-views/fixed-income/ | https://am.jpmorgan.com/gb/en/asset-management/institutional/insights/portfolio-insights/asset-class-views/asset-allocation/c,UK Equities,Equities - DMs,Equities - Geography,Equities,N,"J.P. Morgan is neutral UK equities, balancing attractive dividends and free cash flow against the index’s defensive tilt in an accelerating growth backdrop. Evidence: UK — N selected; Description: Attractive dividend yield and higher free cash flows support UK equities, but defensive nature of UK index a headwind if global growth accelerates.. Locator: p.6 — 'Active allocation views' table (Global Asset Allocation Views 2Q 2026).",90,High,none
J.P. Morgan Asset Management,3/26/2026 | 4/30/2026,Global Fixed Income Views 2Q 2026 | Global Asset Allocation Views 2Q 2026,https://am.jpmorgan.com/us/en/asset-management/institutional/insights/portfolio-insights/asset-class-views/fixed-income/ | https://am.jpmorgan.com/gb/en/asset-management/institutional/insights/portfolio-insights/asset-class-views/asset-allocation/c,Australia Equities,Equities - DMs,Equities - Geography,Equities,U,J.P. Morgan underweights Australian equities with high conviction because multiples are expensive and expected return rankings lag peers. Evidence: Australia — UW selected; Conviction: High; Description: Expensive multiples and ERRs continue to lag peers.. Locator: p.6 — 'Active allocation views' table (Global Asset Allocation Views 2Q 2026).,90,High,none
J.P. Morgan Asset Management,3/26/2026 | 4/30/2026,Global Fixed Income Views 2Q 2026 | Global Asset Allocation Views 2Q 2026,https://am.jpmorgan.com/us/en/asset-management/institutional/insights/portfolio-insights/asset-class-views/fixed-income/ | https://am.jpmorgan.com/gb/en/asset-management/institutional/insights/portfolio-insights/asset-class-views/asset-allocation/c,Canada Equities,Equities - DMs,Equities - Geography,Equities,U,J.P. Morgan underweights Canadian equities because valuations are rich and earnings prospects are weak. Evidence: Canada — UW selected; Description: Valuations are rich and the earnings outlook is weak.. Locator: p.6 — 'Active allocation views' table (Global Asset Allocation Views 2Q 2026).,90,High,none
J.P. Morgan Asset Management,3/26/2026 | 4/30/2026,Global Fixed Income Views 2Q 2026 | Global Asset Allocation Views 2Q 2026,https://am.jpmorgan.com/us/en/asset-management/institutional/insights/portfolio-insights/asset-class-views/fixed-income/ | https://am.jpmorgan.com/gb/en/asset-management/institutional/insights/portfolio-insights/asset-class-views/asset-allocation/c,Hong Kong Equities,Equities - EMs,Equities - Geography,Equities,O,"J.P. Morgan rates Hong Kong equities overweight on strong growth, policy support for technology and innovation, and low valuations. Evidence: Hong Kong — OW selected; Description: Strong economic growth, strong policy support for technology and innovation, and low valuations.. Locator: p.6 — 'Active allocation views' table (Global Asset Allocation Views 2Q 2026).",90,High,none
J.P. Morgan Asset Management,3/26/2026 | 4/30/2026,Global Fixed Income Views 2Q 2026 | Global Asset Allocation Views 2Q 2026,https://am.jpmorgan.com/us/en/asset-management/institutional/insights/portfolio-insights/asset-class-views/fixed-income/ | https://am.jpmorgan.com/gb/en/asset-management/institutional/insights/portfolio-insights/asset-class-views/asset-allocation/c,Emerging Markets Equities,Equities - EMs,Equities - Geography,Equities,O,"J.P. Morgan rates emerging market equities overweight as its most favored region after the U.S., helped by China’s relative oil-shock insulation. Evidence: EM — OW selected; Description: Most favored region after the US; China more insulated from the oil shock than some other EMs.. Locator: p.6 — 'Active allocation views' table (Global Asset Allocation Views 2Q 2026).",90,High,none
J.P. Morgan Asset Management,3/26/2026 | 4/30/2026,Global Fixed Income Views 2Q 2026 | Global Asset Allocation Views 2Q 2026,https://am.jpmorgan.com/us/en/asset-management/institutional/insights/portfolio-insights/asset-class-views/fixed-income/ | https://am.jpmorgan.com/gb/en/asset-management/institutional/insights/portfolio-insights/asset-class-views/asset-allocation/c,US Treasuries,Fixed Income - Sovereigns North America,Fixed Income - Rates & Sovereigns,Fixed Income,U,"J.P. Morgan underweights U.S. Treasuries because fewer rate cuts, valuations, and fiscal activism point to steeper curves. Evidence: U.S. Treasuries — UW selected; Description: Fewer rate cuts priced in and valuations support an underweight; fiscal activism suggests steeper curves.. Locator: p.6 — 'Active allocation views' table (Global Asset Allocation Views 2Q 2026).",90,High,none
J.P. Morgan Asset Management,3/26/2026 | 4/30/2026,Global Fixed Income Views 2Q 2026 | Global Asset Allocation Views 2Q 2026,https://am.jpmorgan.com/us/en/asset-management/institutional/insights/portfolio-insights/asset-class-views/fixed-income/ | https://am.jpmorgan.com/gb/en/asset-management/institutional/insights/portfolio-insights/asset-class-views/asset-allocation/c,German Bunds,Fixed Income - Sovereigns Europe,Fixed Income - Rates & Sovereigns,Fixed Income,U,J.P. Morgan underweights German fixed income because rising fiscal and defense spending should support higher medium-term rates. Evidence: Germany FI — UW selected; Description: Rising fiscal and defense spending to support higher rates over medium term.. Locator: p.6 — 'Active allocation views' table (Global Asset Allocation Views 2Q 2026).,90,High,none
J.P. Morgan Asset Management,3/26/2026 | 4/30/2026,Global Fixed Income Views 2Q 2026 | Global Asset Allocation Views 2Q 2026,https://am.jpmorgan.com/us/en/asset-management/institutional/insights/portfolio-insights/asset-class-views/fixed-income/ | https://am.jpmorgan.com/gb/en/asset-management/institutional/insights/portfolio-insights/asset-class-views/asset-allocation/c,Japan Govt Bonds,Fixed Income - Sovereigns APAC,Fixed Income - Rates & Sovereigns,Fixed Income,N,J.P. Morgan is neutral Japanese government bonds because gradually rising rates and reflation should keep JGB yields near current levels. Evidence: Japan FI — N selected; Change: positive arrow; Description: Gradually rising policy rates and continued reflation should support JGB yields near current levels.. Locator: p.6 — 'Active allocation views' table (Global Asset Allocation Views 2Q 2026).,90,High,none
J.P. Morgan Asset Management,3/26/2026 | 4/30/2026,Global Fixed Income Views 2Q 2026 | Global Asset Allocation Views 2Q 2026,https://am.jpmorgan.com/us/en/asset-management/institutional/insights/portfolio-insights/asset-class-views/fixed-income/ | https://am.jpmorgan.com/gb/en/asset-management/institutional/insights/portfolio-insights/asset-class-views/asset-allocation/c,Canada Govt Bonds,Fixed Income - Sovereigns North America,Fixed Income - Rates & Sovereigns,Fixed Income,N,J.P. Morgan is neutral Canadian government bonds despite unattractive valuations because inflation is stable but elevated and market pricing favors hikes over cuts. Evidence: Canada FI — N selected; Description: Inflation stable but elevated; valuations unattractive; market pricing hikes > cuts.. Locator: p.6 — 'Active allocation views' table (Global Asset Allocation Views 2Q 2026).,90,High,none
J.P. Morgan Asset Management,3/26/2026 | 4/30/2026,Global Fixed Income Views 2Q 2026 | Global Asset Allocation Views 2Q 2026,https://am.jpmorgan.com/us/en/asset-management/institutional/insights/portfolio-insights/asset-class-views/fixed-income/ | https://am.jpmorgan.com/gb/en/asset-management/institutional/insights/portfolio-insights/asset-class-views/asset-allocation/c,Italy Govt Bonds,Fixed Income - Sovereigns Europe,Fixed Income - Rates & Sovereigns,Fixed Income,O,J.P. Morgan overweights Italian government bonds as higher-carry assets expected to benefit versus German bonds. Evidence: Italy FI — OW selected; Description: Higher-carry asset that should benefit against German bonds.. Locator: p.6 — 'Active allocation views' table (Global Asset Allocation Views 2Q 2026).,90,High,none
J.P. Morgan Asset Management,3/26/2026 | 4/30/2026,Global Fixed Income Views 2Q 2026 | Global Asset Allocation Views 2Q 2026,https://am.jpmorgan.com/us/en/asset-management/institutional/insights/portfolio-insights/asset-class-views/fixed-income/ | https://am.jpmorgan.com/gb/en/asset-management/institutional/insights/portfolio-insights/asset-class-views/asset-allocation/c,US IG Credit,Fixed Income - Investment Grade,Fixed Income - Credit & Specialty,Fixed Income,N,J.P. Morgan is neutral U.S. investment grade credit because reasonable all-in yields are offset by very tight spreads and unattractive duration exposure. Evidence: US IG — N selected; Description: All-in yields reasonable but spreads very tight; duration component unattractive.. Locator: p.6 — 'Active allocation views' table (Global Asset Allocation Views 2Q 2026).,90,High,none
J.P. Morgan Asset Management,3/26/2026 | 4/30/2026,Global Fixed Income Views 2Q 2026 | Global Asset Allocation Views 2Q 2026,https://am.jpmorgan.com/us/en/asset-management/institutional/insights/portfolio-insights/asset-class-views/fixed-income/ | https://am.jpmorgan.com/gb/en/asset-management/institutional/insights/portfolio-insights/asset-class-views/asset-allocation/c,US HY,Fixed Income - High Yield,Fixed Income - Credit & Specialty,Fixed Income,N,"J.P. Morgan is neutral U.S. high yield because attractive yields and healthy fundamentals are balanced by tight spreads and asymmetric conflict-related returns. Evidence: US HY — N selected; Description: All-in yields are attractive and both fundamentals and technicals are healthy, but spreads are tight and distribution of returns under Iran conflict are assymetric.. Locator: p.6 — 'Active allocation views' table (Global Asset Allocation Views 2Q 2026).",100,High,none
J.P. Morgan Asset Management,3/26/2026 | 4/30/2026,Global Fixed Income Views 2Q 2026 | Global Asset Allocation Views 2Q 2026,https://am.jpmorgan.com/us/en/asset-management/institutional/insights/portfolio-insights/asset-class-views/fixed-income/ | https://am.jpmorgan.com/gb/en/asset-management/institutional/insights/portfolio-insights/asset-class-views/asset-allocation/c,EM Sovereign Bonds,Fixed Income - Sovereigns,Fixed Income - Rates & Sovereigns,Fixed Income,N,J.P. Morgan is neutral EM sovereign debt because attractive yields are offset by oil-importer exposure and an asymmetric return profile. Evidence: EMD Sovereign — N selected; Change: negative arrow; Description: All-in yields are attractive but 2/3 of the index are net importers of oil; asymmetric return profile.. Locator: p.6 — 'Active allocation views' table (Global Asset Allocation Views 2Q 2026).,90,High,none
J.P. Morgan Asset Management,3/26/2026 | 4/30/2026,Global Fixed Income Views 2Q 2026 | Global Asset Allocation Views 2Q 2026,https://am.jpmorgan.com/us/en/asset-management/institutional/insights/portfolio-insights/asset-class-views/fixed-income/ | https://am.jpmorgan.com/gb/en/asset-management/institutional/insights/portfolio-insights/asset-class-views/asset-allocation/c,EUR,Currencies,Currencies,Currencies,O,J.P. Morgan overweights the euro because it expects appreciation as euro-area growth improves and rate differentials narrow. Evidence: EUR — OW selected; Conviction: Low; Description: Euro to appreciate as growth in the euro area improves and rate differentials narrow.. Locator: p.6 — 'Active allocation views' table (Global Asset Allocation Views 2Q 2026).,100,High,none
J.P. Morgan Asset Management,3/26/2026 | 4/30/2026,Global Fixed Income Views 2Q 2026 | Global Asset Allocation Views 2Q 2026,https://am.jpmorgan.com/us/en/asset-management/institutional/insights/portfolio-insights/asset-class-views/fixed-income/ | https://am.jpmorgan.com/gb/en/asset-management/institutional/insights/portfolio-insights/asset-class-views/asset-allocation/c,JPY,Currencies,Currencies,Currencies,N,J.P. Morgan is neutral the yen because it expects range-bound trading amid gradual rate hikes and improving growth. Evidence: JPY — N selected; Description: JPY looks set to be range-bound against a backdrop of gradual rate hikes and improving growth.. Locator: p.6 — 'Active allocation views' table (Global Asset Allocation Views 2Q 2026).,100,High,none
J.P. Morgan Asset Management,3/26/2026 | 4/30/2026,Global Fixed Income Views 2Q 2026 | Global Asset Allocation Views 2Q 2026,https://am.jpmorgan.com/us/en/asset-management/institutional/insights/portfolio-insights/asset-class-views/fixed-income/ | https://am.jpmorgan.com/gb/en/asset-management/institutional/insights/portfolio-insights/asset-class-views/asset-allocation/c,CHF,Currencies,Currencies,Currencies,N,J.P. Morgan is neutral Swiss franc because upside inflation risks and tepid growth leave the currency balanced. Evidence: CHF — N selected; Description: Rising upside risks to inflation and a tepid growth profile leave us balanced on CHF.. Locator: p.6 — 'Active allocation views' table (Global Asset Allocation Views 2Q 2026).,100,High,none
