Firm,Date,Source,URL,Sub-Asset Class,Asset Class Category,Canva Groupings,Asset Class,View,Weightings,Full Commentary
Charles Schwab,4/3/2026,Sector Views: Monthly Stock Sector Outlook,https://www.schwab.com/learn/story/stock-sector-outlook,Healthcare/Pharma,Equities - Sector,"Equities - Sectors, Factors, Thematics",Equities,O,Overweight,"SCFR rates Health Care as Most Favored, the highest conviction tier in their five-level framework. The sector benefits from structural support via an ageing population, technological innovation, and relatively steady demand that provides defensive positioning during macro uncertainty. The team notes that regulatory risk — including potential ACA subsidy changes, Medicaid cuts, and pharmaceutical pricing pressure — remains the primary overhang."
Charles Schwab,4/3/2026,Sector Views: Monthly Stock Sector Outlook,https://www.schwab.com/learn/story/stock-sector-outlook,Industrials,Equities - Sector,"Equities - Sectors, Factors, Thematics",Equities,O,Overweight,"Industrials earn a Most Favored rating on broad-based demand from AI data-centre buildouts, defence spending, decarbonisation, and electrification. SCFR sees the growth outlook as structurally stronger than the prior decade, supported by mega-trends including re-industrialisation. However, the sector's high cyclical exposure means it could underperform if tariffs erode margins or the manufacturing recovery stalls."
Charles Schwab,4/3/2026,Sector Views: Monthly Stock Sector Outlook,https://www.schwab.com/learn/story/stock-sector-outlook,Communication Services,Equities - Sector,"Equities - Sectors, Factors, Thematics",Equities,O,Overweight,"Communication Services earns a More Favored rating on secular growth in digital advertising, data consumption, and streaming, with support from ongoing telecom infrastructure investment. However, SCFR flags extreme concentration risk — over 70% of sector weight sits in just two stocks — and uncertainty over whether large AI capex outlays will translate into the strong future earnings investors expect."
Charles Schwab,4/3/2026,Sector Views: Monthly Stock Sector Outlook,https://www.schwab.com/learn/story/stock-sector-outlook,Materials,Equities - Sector,"Equities - Sectors, Factors, Thematics",Equities,O,Overweight,"Materials earns a More Favored rating on structural demand from infrastructure spending, reshoring, and industrialisation trends. SCFR sees a potential recovery in global manufacturing as supportive for chemicals and basic resources, while data-centre expansion could drive specialty materials demand. The sector's inflation-hedging properties add appeal, though cyclicality and commodity price volatility remain key risks."
Charles Schwab,4/3/2026,Sector Views: Monthly Stock Sector Outlook,https://www.schwab.com/learn/story/stock-sector-outlook,Energy Sector,Equities - Sector,"Equities - Sectors, Factors, Thematics",Equities,N,Neutral,"Energy receives a Neutral rating as structural demand from the global energy transition and energy security is offset by supply-side headwinds from strong US production and the risk of oil price weakness if geopolitical tensions ease. SCFR notes the sector is highly concentrated, with the two largest stocks making up over half of sector weight, adding idiosyncratic risk."
Charles Schwab,4/3/2026,Sector Views: Monthly Stock Sector Outlook,https://www.schwab.com/learn/story/stock-sector-outlook,IT/Tech/Telecomms (inc. AI),Equities - Sector,"Equities - Sectors, Factors, Thematics",Equities,N,Neutral,"Information Technology holds at Neutral despite powerful fundamental growth drivers including cloud computing, AI, digital transformation, and automation demand. SCFR is restrained by the sector's high cyclicality, vulnerability to capital expenditure cycle shifts, policy and regulatory uncertainty, and extreme stock concentration — the top three names exceed 60% of sector weight."
Charles Schwab,4/3/2026,Sector Views: Monthly Stock Sector Outlook,https://www.schwab.com/learn/story/stock-sector-outlook,Utilities,Equities - Sector,"Equities - Sectors, Factors, Thematics",Equities,N,Neutral,"Utilities earn a Neutral rating as structural growth from AI data-centre power demand, industrial expansion, and the energy transition is offset by rate sensitivity and capital-intensive financing needs. SCFR notes the sector's non-cyclical demand characteristics provide defensive positioning during economic uncertainty, but regulatory risk around rate approvals limits return visibility."
Charles Schwab,4/3/2026,Sector Views: Monthly Stock Sector Outlook,https://www.schwab.com/learn/story/stock-sector-outlook,Consumer Staples,Equities - Sector,"Equities - Sectors, Factors, Thematics",Equities,U,Underweight,"Consumer Staples is rated Less Favored on persistently weak revenue growth that has cascaded into softer free-cash-flow and dividend growth. While the sector offers traditional defensive characteristics and relative insensitivity to economic cycles, SCFR sees limited growth upside and warns that tariffs and input-cost inflation could further pressure margins."
Charles Schwab,4/3/2026,Sector Views: Monthly Stock Sector Outlook,https://www.schwab.com/learn/story/stock-sector-outlook,Financials,Equities - Sector,"Equities - Sectors, Factors, Thematics",Equities,U,Underweight,"Financials earn a Less Favored rating as the sector has underperformed amid rising economic and credit-quality concerns. While elevated interest rates support bank lending margins and insurance returns, SCFR warns that persistently high rates risk broader financial tightening and the rapid expansion of private credit markets could generate system-wide stress."
Charles Schwab,4/3/2026,Sector Views: Monthly Stock Sector Outlook,https://www.schwab.com/learn/story/stock-sector-outlook,Consumer Discretionary,Equities - Sector,"Equities - Sectors, Factors, Thematics",Equities,U,Underweight,"Consumer Discretionary receives a Least Favored rating — SCFR's lowest conviction tier — on deteriorating fundamentals including softer revenue and free-cash-flow trends relative to other sectors. The sector is highly exposed to economic conditions and vulnerable to slowing consumer confidence, tariff impacts on profitability, and extreme concentration with over 60% of weight in three stocks."
Charles Schwab,4/3/2026,Sector Views: Monthly Stock Sector Outlook,https://www.schwab.com/learn/story/stock-sector-outlook,Real Estate,Equities - Sector,"Equities - Sectors, Factors, Thematics",Equities,U,Underweight,"Real Estate is rated Least Favored alongside Consumer Discretionary at the bottom of SCFR's framework. The sector remains challenged by persistent supply imbalances in the commercial office segment dating to the pandemic, heavy borrowing costs in a higher-rate environment, and structural headwinds from AI disruption to traditional retail and office models."
CBRE Investment Management,4/1/2026,Macro House View Q2 2026,https://mediaassets.cbre.com/-/media/project/cbre/bussectors/cbreim/insights/articles/2026/april/macro-house-view-q2-2026/macro-house-view-q2-2026.pdf?rev=79e07eb1b67943c0a892683ebe160bb9,RE - Europe,Alts - Real Estate EU,Alts - Real Assets Geo,Alternatives,N,Neutral,"CBRE IM's macro framework positions Germany, Spain and Sweden as the strongest European economies through 2030. Germany and Sweden benefit from a defence- and infrastructure-driven spending boom, while Spain is driven by technology, engineering and financial services. All three have sound public finances relative to France, Italy and the U.K., reducing sovereign-linked borrowing cost risk for real estate transactions and debt financing. France sits alongside Italy and the U.K. as the European markets with the weakest sovereign credit. Public finances face further strain from fuel subsidies and weaker near-term growth. Elevated risk premia over German Bunds raise the cost of real estate debt financing and weigh on institutional allocation to French real estate."
CBRE Investment Management,4/1/2026,Macro House View Q2 2026,https://mediaassets.cbre.com/-/media/project/cbre/bussectors/cbreim/insights/articles/2026/april/macro-house-view-q2-2026/macro-house-view-q2-2026.pdf?rev=79e07eb1b67943c0a892683ebe160bb10,Private Infrastructure,Alts - Infrastructure,Alts - Real Assets,Alternatives,O,Overweight,"European defence and infrastructure fiscal expansion creates a multi-year capital deployment cycle for infrastructure investors. The energy supply shock reinforces the need for energy independence, diversification and transition. CBRE IM notes Europe's reliance on Norwegian and Dutch LNG and renewables as buffers, implying further investment in energy infrastructure, digital infrastructure and defence-related assets."
CBRE Investment Management,4/1/2026,Macro House View Q2 2026,https://mediaassets.cbre.com/-/media/project/cbre/bussectors/cbreim/insights/articles/2026/april/macro-house-view-q2-2026/macro-house-view-q2-2026.pdf?rev=79e07eb1b67943c0a892683ebe160bb11,Oil,Alts - Commodities,Commodities,Alternatives,O,Overweight,"CBRE IM has revised its Brent crude forecast to approximately $110/bbl, nearly double the prior $60 forecast. The supply shock from the Strait of Hormuz closure and destruction of 17% of Qatar's LNG capacity means prices remain elevated into 2028. For real assets, elevated energy prices directly impact operating costs, logistics economics and energy-intensive property sectors."
CBRE Investment Management,4/1/2026,Macro House View Q2 2026,https://mediaassets.cbre.com/-/media/project/cbre/bussectors/cbreim/insights/articles/2026/april/macro-house-view-q2-2026/macro-house-view-q2-2026.pdf?rev=79e07eb1b67943c0a892683ebe160bb12,Nat Gas,Alts - Commodities,Commodities,Alternatives,O,Overweight,"European and Asian gas prices forecast at ~$18/MMBTU, up from ~$10 previously. U.S. Henry Hub unchanged. The geographic fragmentation creates asymmetric energy cost exposure across real estate markets. European and Asian properties face structurally higher operating costs, reinforcing the premium for energy-efficient and well-insulated assets."
CBRE Investment Management,4/1/2026,Macro House View Q2 2026,https://mediaassets.cbre.com/-/media/project/cbre/bussectors/cbreim/insights/articles/2026/april/macro-house-view-q2-2026/macro-house-view-q2-2026.pdf?rev=79e07eb1b67943c0a892683ebe160bb13,German Bunds,Fixed Income - Sovereigns Europe,Fixed Income - Rates & Sovereigns,Fixed Income,O,Overweight,"CBRE IM expects elevated risk premia for French and U.K. government bonds relative to German Bunds across the forecast period. Germany's sound public finances and safe-haven status are reinforced by fiscal strain in France, Italy and the U.K. For real estate debt investors, the Bund-referenced cost of capital remains the most attractive in Europe."
CBRE Investment Management,4/1/2026,Macro House View Q2 2026,https://mediaassets.cbre.com/-/media/project/cbre/bussectors/cbreim/insights/articles/2026/april/macro-house-view-q2-2026/macro-house-view-q2-2026.pdf?rev=79e07eb1b67943c0a892683ebe160bb14,RE - US,Alts - Real Estate - North America,Alts - Real Assets Geo,Alternatives,O,Overweight,"CBRE IM's five-year GDP growth forecast for the U.S. is essentially unchanged. Energy independence as a net exporter, the Fed's 'look through' approach, and unchanged Henry Hub gas pricing create a relatively benign environment for U.S. real estate compared to energy-importing peers. Near-term cyclical softness gives way to a robust recovery phase with above-trend growth."
CBRE Investment Management,4/1/2026,Macro House View Q2 2026,https://mediaassets.cbre.com/-/media/project/cbre/bussectors/cbreim/insights/articles/2026/april/macro-house-view-q2-2026/macro-house-view-q2-2026.pdf?rev=79e07eb1b67943c0a892683ebe160bb15,US Treasuries,Fixed Income - Sovereigns North America,Fixed Income - Rates & Sovereigns,Fixed Income,N,Neutral,"The Fed is expected to adopt a 'look through' stance, delaying rate cuts to 2027. CBRE IM notes this aligns with bond market pricing. For real estate, the delayed easing cycle means transaction volumes remain compressed near-term, but the medium-term rate normalisation path is intact."
CBRE Investment Management,4/1/2026,Macro House View Q2 2026,https://mediaassets.cbre.com/-/media/project/cbre/bussectors/cbreim/insights/articles/2026/april/macro-house-view-q2-2026/macro-house-view-q2-2026.pdf?rev=79e07eb1b67943c0a892683ebe160bb16,RE - China,Alts - Real Estate - APAC,Alts - Real Assets Geo,Alternatives,N,Neutral,"China's 10 months of stockpiled oil and regulatory price caps provide real economy resilience. However, CBRE IM revised China's CPI up 60 bps — the largest revision globally. The net effect on real estate fundamentals is mixed: occupier demand is supported by growth resilience but higher inflation may constrain monetary easing and compress real yields."
CBRE Investment Management,4/1/2026,Macro House View Q2 2026,https://mediaassets.cbre.com/-/media/project/cbre/bussectors/cbreim/insights/articles/2026/april/macro-house-view-q2-2026/macro-house-view-q2-2026.pdf?rev=79e07eb1b67943c0a892683ebe160bb17,Euro Govt Bonds,Fixed Income - Sovereigns Europe,Fixed Income - Rates & Sovereigns,Fixed Income,N,Neutral,"The ECB is expected to raise rates twice in 2026 before reversing in 2027. For European real estate debt, this creates near-term margin compression and higher swap rates, but the expected reversal limits medium-term duration risk and supports a stabilising financing environment by 2027."
CBRE Investment Management,4/1/2026,Macro House View Q2 2026,https://mediaassets.cbre.com/-/media/project/cbre/bussectors/cbreim/insights/articles/2026/april/macro-house-view-q2-2026/macro-house-view-q2-2026.pdf?rev=79e07eb1b67943c0a892683ebe160bb18,RE Debt,Alts - Real Estate,Alts - Real Assets,Alternatives,N,Neutral,"ECB rate hikes in 2026 compress European CRE lending margins near-term, but the expected 2027 reversal and infrastructure-driven growth in core markets (Germany, Spain, Sweden) support a stabilising outlook. Differentiation is essential: CRE debt in fiscally sound markets offers better risk-adjusted returns than lending secured against French, Italian or UK assets."
CBRE Investment Management,4/1/2026,Macro House View Q2 2026,https://mediaassets.cbre.com/-/media/project/cbre/bussectors/cbreim/insights/articles/2026/april/macro-house-view-q2-2026/macro-house-view-q2-2026.pdf?rev=79e07eb1b67943c0a892683ebe160bb19,RE - AsiaPac,Alts - Real Estate - APAC,Alts - Real Assets Geo,Alternatives,U,Underweight,"Australia faces the tightest monetary policy globally with the RBA at 4.35% through 2027, explicitly targeting housing market speculation. Consumer spending is dampened, GDP cut 30 bps. For real estate, this is the most hostile DM environment: rising rates compress capital values, the housing crackdown directly weighs on residential, and weakening consumer demand hits retail and discretionary sectors."
CBRE Investment Management,4/1/2026,Macro House View Q2 2026,https://mediaassets.cbre.com/-/media/project/cbre/bussectors/cbreim/insights/articles/2026/april/macro-house-view-q2-2026/macro-house-view-q2-2026.pdf?rev=79e07eb1b67943c0a892683ebe160bb20,RE - Japan,Alts - Real Estate - APAC,Alts - Real Assets Geo,Alternatives,U,Underweight,"The BoJ's acceleration to 2.75% compounds the drag from high energy import dependence. Japan's GDP is revised down 30 bps. For real estate, faster-than-expected rate normalisation raises cap rate expansion risk, particularly in sectors where yield spreads over JGBs have historically been compressed. High energy costs weigh on logistics and industrial operating margins."
CBRE Investment Management,4/1/2026,Macro House View Q2 2026,https://mediaassets.cbre.com/-/media/project/cbre/bussectors/cbreim/insights/articles/2026/april/macro-house-view-q2-2026/macro-house-view-q2-2026.pdf?rev=79e07eb1b67943c0a892683ebe160bb21,RE - UK,Alts - Real Estate - UK,Alts - Real Assets Geo,Alternatives,U,Underweight,"CBRE IM flags the U.K. as the major market most at risk of migrating into the growth-shock camp alongside Australia and Japan. High energy import dependence, weak sovereign credit, fuel price subsidies and the widest consensus-vs-market gap create elevated borrowing costs. For real estate, this translates into higher CRE lending rates, compressed capital values and weakening occupier fundamentals."
CBRE Investment Management,4/1/2026,Macro House View Q2 2026,https://mediaassets.cbre.com/-/media/project/cbre/bussectors/cbreim/insights/articles/2026/april/macro-house-view-q2-2026/macro-house-view-q2-2026.pdf?rev=79e07eb1b67943c0a892683ebe160bb22,Australia Govt Bonds,Fixed Income - Sovereigns APAC,Fixed Income - Rates & Sovereigns,Fixed Income,U,Underweight,"CBRE IM's forecast for the Australian 10-year bond yield is raised to 4.8%, up 15 bps. The even-higher-for-even-longer yield environment reflects the RBA's housing suppression agenda compounded by the energy shock. Australian duration and real estate debt are structurally unattractive."
Cantor Fitzgerald,4/2/2026,CFAM Q1 Market Review and Outlook,https://cantorfitzgerald.ie/cfam-q1-market-review-and-outlook/,Cash/Money Markets,Asset Allocation - Broad,Asset Allocation,Fixed Income,O,Overweight,"CFAM enters Q2 with a high cash balance held with explicit intent to deploy into volatility. Targets include re-shoring beneficiaries (energy, defence, industrial) and AI winners at lower valuations as enterprise proof-of-concept examples emerge."
Cantor Fitzgerald,4/2/2026,CFAM Q1 Market Review and Outlook,https://cantorfitzgerald.ie/cfam-q1-market-review-and-outlook/,Emerging Markets Equities,Equities - EMs,Equities - Geography,Equities,U,Underweight,"EM was one of the most popular start-of-year investment themes but is now being hit by both inflationary pressures and actual physical shortages, with governments issuing economic curtailment orders. EM-heavy sovereign wealth funds in the Gulf are under acute pressure."
Cantor Fitzgerald,4/2/2026,CFAM Q1 Market Review and Outlook,https://cantorfitzgerald.ie/cfam-q1-market-review-and-outlook/,Energy Sector,Equities - Sector,"Equities - Sectors, Factors, Thematics",Equities,O,Overweight,"Q2 positioning is overweight Energy in particular. CFAM added substantially to Global Energy holdings during Q1, citing strong free cash flow yields, ongoing operational improvements, and embedded optionality on both oil prices and refining margins."
Cantor Fitzgerald,4/2/2026,CFAM Q1 Market Review and Outlook,https://cantorfitzgerald.ie/cfam-q1-market-review-and-outlook/,Equities - General,Asset Allocation - Broad,Asset Allocation,Equities,U,Underweight,"CFAM enters Q2 at the lower end of its risk asset allocation with a high cash balance. The posture is defensive ahead of expected earnings downgrades, AI capex slowdown, and the second-order spillovers from the energy shock."
Cantor Fitzgerald,4/2/2026,CFAM Q1 Market Review and Outlook,https://cantorfitzgerald.ie/cfam-q1-market-review-and-outlook/,Financials,Equities - Sector,"Equities - Sectors, Factors, Thematics",Equities,O,Overweight,Added to selectively. The change in rate expectations — markets dialling back rate cuts and pricing in potential hikes — is a tailwind to bank net interest margins and to certain other rate-sensitive financials.
Cantor Fitzgerald,4/2/2026,CFAM Q1 Market Review and Outlook,https://cantorfitzgerald.ie/cfam-q1-market-review-and-outlook/,Hedge Funds/Liquid Alts/Absolute Return,Alts - HFs,Alts - Hedge Funds,Alternatives,O,Overweight,Exposure to an alternative investment fund delivered materially in March as the strategy monetised index protection and provided the uncorrelated returns the allocation was designed for.
Cantor Fitzgerald,4/2/2026,CFAM Q1 Market Review and Outlook,https://cantorfitzgerald.ie/cfam-q1-market-review-and-outlook/,IT/Tech/Telecomms (inc. AI),Equities - Sector,"Equities - Sectors, Factors, Thematics",Equities,U,Underweight,"Largely exited during Q1. The rapid acceleration of certain LLM providers in January crystallised a perception of 'AI losers' across software, European business services and US Medtech holdings. CFAM removed most of these losers during the quarter."
Cantor Fitzgerald,4/2/2026,CFAM Q1 Market Review and Outlook,https://cantorfitzgerald.ie/cfam-q1-market-review-and-outlook/,Low Vol.,Equities - Factor,"Equities - Sectors, Factors, Thematics",Equities,N,Neutral,"Within a reduced equity book, CFAM concentrates remaining exposure in low-beta, low-risk holdings. This is a relative preference rather than an absolute overweight — the equity asset class itself is at the lower end of CFAM's risk allocation."
Cantor Fitzgerald,4/2/2026,CFAM Q1 Market Review and Outlook,https://cantorfitzgerald.ie/cfam-q1-market-review-and-outlook/,Materials,Equities - Sector,"Equities - Sectors, Factors, Thematics",Equities,O,Overweight,CFAM has added to chemicals and materials stocks where the medium-term disruption from energy costs and supply-chain pressures is not yet reflected in valuations or earnings expectations.
Cantor Fitzgerald,4/2/2026,CFAM Q1 Market Review and Outlook,https://cantorfitzgerald.ie/cfam-q1-market-review-and-outlook/,Oil,Alts - Commodities,Commodities,Alternatives,O,Overweight,"CFAM purchased oil in February 2026 as a hedge against the Middle East crisis when the team felt little or no risk premium was priced into the commodity. Beyond the war, the medium-term supply imbalance is tightening as the post-Ukraine production surge unwinds and US shale production no longer grows. Industry contacts indicate Gulf production stays offline for years even with a perfect resolution."
Cantor Fitzgerald,4/2/2026,CFAM Q1 Market Review and Outlook,https://cantorfitzgerald.ie/cfam-q1-market-review-and-outlook/,Private Credit/Debt,Alts - Private Credit,Alts - Private Equity & Credit,Alternatives,U,Underweight,Private credit is showing visible strain — a raft of high-profile funds are now gated to investors as questions arise over how the assets have been priced. Rising rates and weak risk appetite are amplifying the issues.
Cantor Fitzgerald,4/2/2026,CFAM Q1 Market Review and Outlook,https://cantorfitzgerald.ie/cfam-q1-market-review-and-outlook/,US Mega-Cap (Tech),Equities - DM Caps,Equities - Geography,Equities,U,Underweight,"CFAM is materially underweight the Mag 7, a position carried from 2025 that helped offset stock-selection drags during the Q1 risk-off. The team is waiting for cheaper valuations before redeploying into transformational AI beneficiaries."
Cantor Fitzgerald,4/2/2026,CFAM Q1 Market Review and Outlook,https://cantorfitzgerald.ie/cfam-q1-market-review-and-outlook/,USD,Currencies,Currencies,Currencies,O,Overweight,"Overweight USD acted as the safe haven CFAM expected during the Q1 risk-off, helped by Supreme Court rulings against tariffs and Trump's inability to influence the Federal Reserve. The team frames this as evidence the US institutional checks and balances are still working."
Cantor Fitzgerald,4/2/2026,CFAM Q1 Market Review and Outlook,https://cantorfitzgerald.ie/cfam-q1-market-review-and-outlook/,Utilities,Equities - Sector,"Equities - Sectors, Factors, Thematics",Equities,O,Overweight,"Explicitly overweight Utilities as a defensive cash-flow holding into a Q2 environment of slowing growth, persistent inflation pressures, and earnings downgrades."
BMO Global Asset Management,3/16/2026,"Pricing in geopolitical risk: Oil, inflation and the cycle’s next phase",https://institutional.bmogam.com/ca-en/insights/pricing-in-geopolitical-risk-oil-inflation-and-the-cycles-next-phase/,US Equities,Equities - DMs,Equities - Geography,Equities,O,Overweight,"BMO GAM maintains a slightly bullish stance on U.S. equities, citing the economy's relative insulation from energy shocks as a modest net oil exporter. Large Tech and Health Care sectors provide structural resilience against commodity-driven inflation. The composition of the market means a significant portion is less sensitive to rising input costs. Strong balance sheets and pricing power further support companies during periods of elevated volatility."
BMO Global Asset Management,3/16/2026,"Pricing in geopolitical risk: Oil, inflation and the cycle’s next phase",https://institutional.bmogam.com/ca-en/insights/pricing-in-geopolitical-risk-oil-inflation-and-the-cycles-next-phase/,Emerging Markets Equities,Equities - EMs,Equities - Geography,Equities,O,Overweight,"Slightly bullish on EM equities despite headwinds from a strengthening USD and higher oil prices that weigh on energy-importing nations. Select economies such as Brazil and Korea exhibit attractive fundamentals. China remains stable but uninspiring. The team sees resilience in trade flows and AI-linked supply chain investment as supportive factors, but a broad overweight is not warranted."
BMO Global Asset Management,3/16/2026,"Pricing in geopolitical risk: Oil, inflation and the cycle’s next phase",https://institutional.bmogam.com/ca-en/insights/pricing-in-geopolitical-risk-oil-inflation-and-the-cycles-next-phase/,Global HY,Fixed Income - High Yield,Fixed Income - Credit & Specialty,Fixed Income,O,Overweight,"The team is slightly bullish on high yield, supported by resilient North American economic growth and healthy corporate balance sheets. Corporate credit spreads remain relatively stable, suggesting that fundamentals rather than complacency underpin current valuations. HY is favoured over IG in a growth-positive, inflation-uncertain environment."
BMO Global Asset Management,3/16/2026,"Pricing in geopolitical risk: Oil, inflation and the cycle’s next phase",https://institutional.bmogam.com/ca-en/insights/pricing-in-geopolitical-risk-oil-inflation-and-the-cycles-next-phase/,Gold/Precious,Alts - Commodities,Commodities,Alternatives,O,Overweight,BMO GAM views gold as portfolio insurance rather than a directional trade. The team emphasises maintaining strategic exposure as a hedge against geopolitical tail risk and broad market drawdowns. Gold's role is defensive — providing a counterbalance when risk assets sell off during periods of geopolitical stress.
BMO Global Asset Management,3/16/2026,"Pricing in geopolitical risk: Oil, inflation and the cycle’s next phase",https://institutional.bmogam.com/ca-en/insights/pricing-in-geopolitical-risk-oil-inflation-and-the-cycles-next-phase/,Quality,Equities - Factor,"Equities - Sectors, Factors, Thematics",Equities,O,Overweight,"Volatility is prompting a tactical shift toward Quality exposures, favouring companies with recurring or subscription-based revenue models, strong free cash flow, and manageable leverage. The team sees this as a tactical adjustment rather than a structural shift away from risk. Tech businesses built around recurring revenue streams increasingly fit the Quality definition."
BMO Global Asset Management,3/16/2026,"Pricing in geopolitical risk: Oil, inflation and the cycle’s next phase",https://institutional.bmogam.com/ca-en/insights/pricing-in-geopolitical-risk-oil-inflation-and-the-cycles-next-phase/,Energy Sector,Equities - Sector,"Equities - Sectors, Factors, Thematics",Equities,O,Overweight,Rising oil prices from Middle East escalation reinforce the case for maintaining exposure to Energy and Materials. These commodity-linked sectors benefit directly from the geopolitical premium embedded in prices. The team views this as a tailwind that supports maintaining cyclical exposure alongside more defensive positioning.
BMO Global Asset Management,3/16/2026,"Pricing in geopolitical risk: Oil, inflation and the cycle’s next phase",https://institutional.bmogam.com/ca-en/insights/pricing-in-geopolitical-risk-oil-inflation-and-the-cycles-next-phase/,Cash/Money Markets,Asset Allocation - Broad,Asset Allocation,Fixed Income,O,Overweight,"Cash has been upgraded to neutral (0) from underweight, reflecting the optionality value of liquidity during elevated market volatility. The team sees cash as enabling portfolios to take advantage of tactical opportunities should risk assets experience deeper drawdowns. This is a defensive adjustment, not a bearish signal."
BMO Global Asset Management,3/16/2026,"Pricing in geopolitical risk: Oil, inflation and the cycle’s next phase",https://institutional.bmogam.com/ca-en/insights/pricing-in-geopolitical-risk-oil-inflation-and-the-cycles-next-phase/,Canada Equities,Equities - DMs,Equities - Geography,Equities,N,Neutral,"The team holds a neutral view on Canadian equities. Higher energy prices provide near-term support given Canada's resource exposure, but sustained increases could trigger tighter monetary policy, weighing on interest-sensitive areas such as real estate and consumer spending. The broader growth environment remains subdued at ~0.4% YoY GDP."
BMO Global Asset Management,3/16/2026,"Pricing in geopolitical risk: Oil, inflation and the cycle’s next phase",https://institutional.bmogam.com/ca-en/insights/pricing-in-geopolitical-risk-oil-inflation-and-the-cycles-next-phase/,US IG Credit,Fixed Income - Investment Grade,Fixed Income - Credit & Specialty,Fixed Income,N,Neutral,"The team maintains a neutral stance on investment-grade credit, supported by healthy corporate balance sheets and resilient economic growth. Spreads are viewed as fairly valued with limited widening risk but equally limited upside. IG lacks the carry advantage of HY in the current environment."
BMO Global Asset Management,3/16/2026,"Pricing in geopolitical risk: Oil, inflation and the cycle’s next phase",https://institutional.bmogam.com/ca-en/insights/pricing-in-geopolitical-risk-oil-inflation-and-the-cycles-next-phase/,USD,Currencies,Currencies,Currencies,N,Neutral,"The USD strengthens by default during geopolitical stress episodes as global capital gravitates to perceived safe havens. The team views current strength as reflecting risk-off positioning rather than a structural shift. Energy-driven inflation could delay Fed rate cuts, further supporting dollar strength in the near term."
BMO Global Asset Management,3/16/2026,"Pricing in geopolitical risk: Oil, inflation and the cycle’s next phase",https://institutional.bmogam.com/ca-en/insights/pricing-in-geopolitical-risk-oil-inflation-and-the-cycles-next-phase/,Value,Equities - Factor,"Equities - Sectors, Factors, Thematics",Equities,N,Neutral,Selective value opportunities are emerging as some traditional Growth segments — particularly software — have experienced sharp drawdowns. The team views this as a tactical adjustment rather than a wholesale rotation to Value. Investors are blending growth exposure with quality characteristics and selective value opportunities.
BMO Global Asset Management,3/16/2026,"Pricing in geopolitical risk: Oil, inflation and the cycle’s next phase",https://institutional.bmogam.com/ca-en/insights/pricing-in-geopolitical-risk-oil-inflation-and-the-cycles-next-phase/,EAFE/Int'l/Developed ex-US,Equities - DMs,Equities - Geography,Equities,U,Underweight,"BMO GAM holds a slightly bearish view on EAFE equities. European and Japanese economies face disproportionate exposure to the energy price shock as major net energy importers. While Japan benefits from fiscal expansion and Europe shows early signs of improvement, the drag from higher commodity prices may outweigh these nascent positives."
BMO Global Asset Management,3/16/2026,"Pricing in geopolitical risk: Oil, inflation and the cycle’s next phase",https://institutional.bmogam.com/ca-en/insights/pricing-in-geopolitical-risk-oil-inflation-and-the-cycles-next-phase/,Duration,Fixed Income - Duration,Fixed Income - General,Fixed Income,U,Underweight,"The team is cautious on duration, with fixed income moved from neutral to slightly bearish. Higher energy prices are reviving inflation expectations, and growth risks have not deteriorated sufficiently to offset. The immediate reaction in bond markets is upward pressure on yields. Central banks are unlikely to reverse course quickly unless inflation expectations shift materially higher."
BMO Global Asset Management,3/16/2026,"Pricing in geopolitical risk: Oil, inflation and the cycle’s next phase",https://institutional.bmogam.com/ca-en/insights/pricing-in-geopolitical-risk-oil-inflation-and-the-cycles-next-phase/,EM Debt - General,Fixed Income - Geo,Fixed Income - Rates & Sovereigns,Fixed Income,U,Underweight,"The team has increased caution on emerging-market debt. Higher oil prices place pressure on fiscal balances and currency stability in energy-importing EM economies. A strengthening USD further tightens financial conditions across the asset class. The team's bearishness is driven by the combination of energy, currency, and rate headwinds rather than a fundamental credit deterioration."
BMO Global Asset Management,3/16/2026,"Pricing in geopolitical risk: Oil, inflation and the cycle’s next phase",https://institutional.bmogam.com/ca-en/insights/pricing-in-geopolitical-risk-oil-inflation-and-the-cycles-next-phase/,CAD,Currencies,Currencies,Currencies,U,Underweight,"The CAD has weakened against the USD, reflecting the broader risk-off environment. While higher oil prices can ultimately support Canada's currency through the resource sector, energy-driven inflation may delay Fed rate cuts and reinforce USD strength, keeping the CAD under pressure in the near term."
Barings,4/1/2026,Multi-Asset Insights: War Gaming,https://www.barings.com/en-us/guest/perspectives/viewpoints/multi-asset-insights-war-gaming-multiasset-vwpt,US IG Credit,Fixed Income - Investment Grade,Fixed Income - Credit & Specialty,Fixed Income,O,Overweight,"Barings is extending beyond its lowest-volatility core positioning into US investment grade credit as part of a cautious risk-on pivot. Index-level IG spreads widened just 10 bps in March despite a 7.7% equity drawdown, reflecting powerful structural demand from yield buyers. The team views IG as offering an attractive entry point with limited downside given the technical bid."
Barings,4/1/2026,Multi-Asset Insights: War Gaming,https://www.barings.com/en-us/guest/perspectives/viewpoints/multi-asset-insights-war-gaming-multiasset-vwpt,US HY,Fixed Income - High Yield,Fixed Income - Credit & Specialty,Fixed Income,O,Overweight,"US high yield has risen 97 bps to a 7.7% yield-to-worst since late February, a level the team identifies as meeting target returns for many institutional investors. Higher Treasury yields are cushioning spread widening, creating an unusual dynamic where total yield rises faster than credit risk alone would imply. Barings sees merit in beginning to add HY exposure at these levels."
Barings,4/1/2026,Multi-Asset Insights: War Gaming,https://www.barings.com/en-us/guest/perspectives/viewpoints/multi-asset-insights-war-gaming-multiasset-vwpt,US Equities,Equities - DMs,Equities - Geography,Equities,O,Overweight,The team is cautiously adding back US equity exposure with a preference for tech-oriented sectors and small caps where earnings outlooks remain robust for 2026. The S&P 500's 7.7% decline from the war has improved valuations from previously stretched levels. Barings explicitly favours US risky assets over Europe given stronger cyclical support in the US corporate sector.
Barings,4/1/2026,Multi-Asset Insights: War Gaming,https://www.barings.com/en-us/guest/perspectives/viewpoints/multi-asset-insights-war-gaming-multiasset-vwpt,Cash/Money Markets,Asset Allocation - Broad,Asset Allocation,Fixed Income,O,Overweight,"Cash and money market instruments remain the anchor of Barings' multi-asset positioning under their 'Stabilize Your Core' philosophy. The strategy has been to build portfolios around the highest-quality, lowest-volatility assets to weather the chaotic mix of economic dispersion and geopolitical aggression. This conservative core has preserved capital and provided optionality to deploy into dislocations."
Barings,4/1/2026,Multi-Asset Insights: War Gaming,https://www.barings.com/en-us/guest/perspectives/viewpoints/multi-asset-insights-war-gaming-multiasset-vwpt,USD,Currencies,Currencies,Currencies,O,Overweight,"Barings prefers USD alongside real rates as the primary hedging and ballast instrument for multi-asset portfolios. The team explicitly favours this approach over risky asset hedges like VIX or credit CDX, which have become expensive. The dollar benefits from safe-haven demand during the geopolitical shock and provides natural offset to underweight positions in European assets."
Barings,4/1/2026,Multi-Asset Insights: War Gaming,https://www.barings.com/en-us/guest/perspectives/viewpoints/multi-asset-insights-war-gaming-multiasset-vwpt,Oil,Alts - Commodities,Commodities,Alternatives,O,Overweight,"WTI and Brent crude have spiked over 50% from January lows as the Iran war threatens 12-15% of global oil supply. The IEA is calling this the largest energy shock ever, with a serious risk of prices reaching $150 per barrel. European natural gas prices are up over 70%. The energy complex is the most direct market expression of the geopolitical conflict."
Barings,4/1/2026,Multi-Asset Insights: War Gaming,https://www.barings.com/en-us/guest/perspectives/viewpoints/multi-asset-insights-war-gaming-multiasset-vwpt,Energy Sector,Equities - Sector,"Equities - Sectors, Factors, Thematics",Equities,O,Overweight,"The energy sector is the primary equity beneficiary of the sustained oil price shock, with crude prices up over 50% since January. Sectors exposed to energy inputs face margin compression, but pure energy producers benefit directly from the war premium. The 43% increase in pump prices since late February underscores the scale of the disruption flowing through to the real economy."
Barings,4/1/2026,Multi-Asset Insights: War Gaming,https://www.barings.com/en-us/guest/perspectives/viewpoints/multi-asset-insights-war-gaming-multiasset-vwpt,US Treasuries,Fixed Income - Sovereigns North America,Fixed Income - Rates & Sovereigns,Fixed Income,N,Neutral,"US 30-year yields are testing 5.0% for the first time since last July, and front-end yields are up more than 50 bps from February lows. Valuations are now appealing in both absolute terms and via the term premium. However, the team prefers to wait for clarity on the inflation path before leaning into a duration overweight, expecting central banks to hold rates through the summer."
Barings,4/1/2026,Multi-Asset Insights: War Gaming,https://www.barings.com/en-us/guest/perspectives/viewpoints/multi-asset-insights-war-gaming-multiasset-vwpt,Inflation-Linked/TIPs,Fixed Income - Sovereigns North America,Fixed Income - Rates & Sovereigns,Fixed Income,N,Neutral,"Real rates are a preferred hedging vehicle alongside USD for multi-asset portfolios. US 2-year inflation breakevens have risen 100 bps year-to-date, reflecting the energy shock pass-through. The dramatic repricing of central bank policy paths introduces two-way risk in linkers, making them more of a hedge tool than a directional conviction position."
Barings,4/1/2026,Multi-Asset Insights: War Gaming,https://www.barings.com/en-us/guest/perspectives/viewpoints/multi-asset-insights-war-gaming-multiasset-vwpt,LatAm Fixed Income,Fixed Income - Geo,Fixed Income - General,Fixed Income,N,Neutral,"The aggressive repricing of sovereign yields in March has opened pockets of value across Latin America, alongside the US, UK, and Europe. Barings identifies LatAm as one of several regions where the dislocation in rates markets has created potential entry points, though the team does not express strong directional conviction on the region specifically."
Barings,4/1/2026,Multi-Asset Insights: War Gaming,https://www.barings.com/en-us/guest/perspectives/viewpoints/multi-asset-insights-war-gaming-multiasset-vwpt,UK Gilts,Fixed Income - Sovereigns Europe,Fixed Income - Rates & Sovereigns,Fixed Income,N,Neutral,"UK 2-year yields experienced a 3.6 standard deviation move in March, rising a full 105 bps. The swing from pricing two BOE cuts to three hikes is among the most dramatic in recent memory. Valuations are now compelling, but the BOE faces a more challenging credibility dynamic with UK inflation breakevens up 180 bps, suggesting patience is warranted."
Barings,4/1/2026,Multi-Asset Insights: War Gaming,https://www.barings.com/en-us/guest/perspectives/viewpoints/multi-asset-insights-war-gaming-multiasset-vwpt,Europe Equities,Equities - DMs,Equities - Geography,Equities,U,Underweight,"Barings explicitly underweights Europe relative to the US for new risky asset positioning. The European backdrop has less cyclical support and is more vulnerable to both the growth and inflation impacts of the Iran war. Sectors exposed to energy-intensive inputs and Strait of Hormuz transit routes face particularly acute headwinds, and the central bank policy environment is more constrained."
Barings,4/1/2026,Multi-Asset Insights: War Gaming,https://www.barings.com/en-us/guest/perspectives/viewpoints/multi-asset-insights-war-gaming-multiasset-vwpt,Europe Duration,Fixed Income - Sovereigns Europe,Fixed Income - Rates & Sovereigns,Fixed Income,U,Underweight,The BOE and ECB face a more challenging credibility battle than the Fed as they wrestle with an inflationary trajectory that the energy shock has dramatically worsened. Barings expects developed market central banks to keep policy rates on hold through the summer. European duration carries more risk than US given the greater pass-through of energy costs to inflation in the UK and eurozone.
Barings,4/1/2026,Multi-Asset Insights: War Gaming,https://www.barings.com/en-us/guest/perspectives/viewpoints/multi-asset-insights-war-gaming-multiasset-vwpt,Hedge Funds/Liquid Alts/Absolute Return,Alts - HFs,Alts - Hedge Funds,Alternatives,U,Underweight,Risky asset hedges including VIX and credit CDX have become less attractive given their expensive levels following the war-driven volatility spike. Barings prefers a mix of USD and real rates as portfolio ballast rather than paying elevated premiums for volatility or credit protection. The team views the cost of hedging as too high relative to the protection offered.
Barings,4/1/2026,Multi-Asset Insights: War Gaming,https://www.barings.com/en-us/guest/perspectives/viewpoints/multi-asset-insights-war-gaming-multiasset-vwpt,Emerging Markets Equities,Equities - EMs,Equities - Geography,Equities,U,Underweight,"Emerging market equities are not a focus area for Barings' new positioning. The team's risk budget is directed toward US credit and equities where they see more compelling risk-reward. The combination of a strong dollar, elevated energy prices, and stagflationary pressures creates broad headwinds for the EM equity complex, though individual country dynamics may vary."
